page_identity,faq_index,question,normalized_question,answer_word_count,within_page_unique,cross_page_duplicate_count,intent_resolution,status,page_sha256
big-five-hub,1,How is the Big Five different from MBTI?,howisthebigfivedifferentfrommbti,66,true,1,unique_intent,PASS,d18ff9f1db2bd28ec743261a982d5931c3888cfc5c74b6b49649908e2608f173
big-five-hub,2,Is Neuroticism a mental illness?,isneuroticismamentalillness,47,true,2,reviewed_context_specific_answer,PASS,d18ff9f1db2bd28ec743261a982d5931c3888cfc5c74b6b49649908e2608f173
big-five-hub,3,Can Big Five scores change?,canbigfivescoreschange,49,true,1,unique_intent,PASS,d18ff9f1db2bd28ec743261a982d5931c3888cfc5c74b6b49649908e2608f173
big-five-hub,4,Is a low score bad?,isalowscorebad,45,true,1,unique_intent,PASS,d18ff9f1db2bd28ec743261a982d5931c3888cfc5c74b6b49649908e2608f173
big-five-hub,5,Which dimension should I read first?,whichdimensionshouldireadfirst,44,true,1,unique_intent,PASS,d18ff9f1db2bd28ec743261a982d5931c3888cfc5c74b6b49649908e2608f173
big-five-hub,6,What is the scientific basis of the Big Five?,whatisthescientificbasisofthebigfive,41,true,1,unique_intent,PASS,d18ff9f1db2bd28ec743261a982d5931c3888cfc5c74b6b49649908e2608f173
big-five-hub,7,Do I need to learn all 30 Big Five facets?,doineedtolearnall30bigfivefacets,53,true,1,unique_intent,PASS,d18ff9f1db2bd28ec743261a982d5931c3888cfc5c74b6b49649908e2608f173
openness,1,Is Openness related to IQ?,isopennessrelatedtoiq,34,true,1,unique_intent,PASS,1bf7c93bf7c62cf0149664fc90f4399a4a0678bf8f44587cf090a34dbda20614
openness,2,Does high Openness mean being impractical?,doeshighopennessmeanbeingimpractical,28,true,1,unique_intent,PASS,1bf7c93bf7c62cf0149664fc90f4399a4a0678bf8f44587cf090a34dbda20614
openness,3,Does low Openness mean rigid thinking?,doeslowopennessmeanrigidthinking,27,true,1,unique_intent,PASS,1bf7c93bf7c62cf0149664fc90f4399a4a0678bf8f44587cf090a34dbda20614
openness,4,Can Openness change?,canopennesschange,34,true,1,unique_intent,PASS,1bf7c93bf7c62cf0149664fc90f4399a4a0678bf8f44587cf090a34dbda20614
openness,5,What if Openness and Conscientiousness seem to conflict?,whatifopennessandconscientiousnessseemtoconflict,35,true,1,unique_intent,PASS,1bf7c93bf7c62cf0149664fc90f4399a4a0678bf8f44587cf090a34dbda20614
conscientiousness,1,Does high Conscientiousness guarantee success?,doeshighconscientiousnessguaranteesuccess,28,true,1,unique_intent,PASS,9740bff0d6cb4a0908cc2759912e5393da565e0aaef682f6669f75f90cefba8c
conscientiousness,2,Does low Conscientiousness mean laziness?,doeslowconscientiousnessmeanlaziness,29,true,2,reviewed_context_specific_answer,PASS,9740bff0d6cb4a0908cc2759912e5393da565e0aaef682f6669f75f90cefba8c
conscientiousness,3,Can Conscientiousness change?,canconscientiousnesschange,27,true,1,unique_intent,PASS,9740bff0d6cb4a0908cc2759912e5393da565e0aaef682f6669f75f90cefba8c
conscientiousness,4,What are the downsides of high Conscientiousness?,whatarethedownsidesofhighconscientiousness,25,true,1,unique_intent,PASS,9740bff0d6cb4a0908cc2759912e5393da565e0aaef682f6669f75f90cefba8c
conscientiousness,5,How does Conscientiousness work with other domains?,howdoesconscientiousnessworkwithotherdomains,34,true,1,unique_intent,PASS,9740bff0d6cb4a0908cc2759912e5393da565e0aaef682f6669f75f90cefba8c
conscientiousness,6,What if I am much more conscientious at work than at home?,whatifiammuchmoreconscientiousatworkthanathome,25,true,1,unique_intent,PASS,9740bff0d6cb4a0908cc2759912e5393da565e0aaef682f6669f75f90cefba8c
conscientiousness,7,How is Conscientiousness related to procrastination?,howisconscientiousnessrelatedtoprocrastination,32,true,1,unique_intent,PASS,9740bff0d6cb4a0908cc2759912e5393da565e0aaef682f6669f75f90cefba8c
extraversion,1,Does low Extraversion mean shyness or social anxiety?,doeslowextraversionmeanshynessorsocialanxiety,26,true,1,unique_intent,PASS,df620a7582b50c924d698de33efd0faf550b0f7ce9dcf7157c396042898c0263
extraversion,2,Can an introverted person succeed in a highly social job?,cananintrovertedpersonsucceedinahighlysocialjob,23,true,1,unique_intent,PASS,df620a7582b50c924d698de33efd0faf550b0f7ce9dcf7157c396042898c0263
extraversion,3,Is “social energy” scientific or just a metaphor?,issocialenergyscientificorjustametaphor,27,true,1,unique_intent,PASS,df620a7582b50c924d698de33efd0faf550b0f7ce9dcf7157c396042898c0263
extraversion,4,Can Extraversion change?,canextraversionchange,23,true,1,unique_intent,PASS,df620a7582b50c924d698de33efd0faf550b0f7ce9dcf7157c396042898c0263
extraversion,5,Does Extraversion determine leadership?,doesextraversiondetermineleadership,26,true,1,unique_intent,PASS,df620a7582b50c924d698de33efd0faf550b0f7ce9dcf7157c396042898c0263
extraversion,6,What should highly extraverted people watch for?,whatshouldhighlyextravertedpeoplewatchfor,25,true,1,unique_intent,PASS,df620a7582b50c924d698de33efd0faf550b0f7ce9dcf7157c396042898c0263
extraversion,7,How does Extraversion interact with other domains?,howdoesextraversioninteractwithotherdomains,24,true,1,unique_intent,PASS,df620a7582b50c924d698de33efd0faf550b0f7ce9dcf7157c396042898c0263
agreeableness,1,Does low Agreeableness mean being cold or unkind?,doeslowagreeablenessmeanbeingcoldorunkind,25,true,1,unique_intent,PASS,de0d087a75da947a3085b203792b41c18f00688b8fa68715af55530054dcdd97
agreeableness,2,Are highly agreeable people easy to exploit?,arehighlyagreeablepeopleeasytoexploit,28,true,1,unique_intent,PASS,de0d087a75da947a3085b203792b41c18f00688b8fa68715af55530054dcdd97
agreeableness,3,Can Agreeableness change?,canagreeablenesschange,29,true,1,unique_intent,PASS,de0d087a75da947a3085b203792b41c18f00688b8fa68715af55530054dcdd97
agreeableness,4,Does Agreeableness conflict with leadership?,doesagreeablenessconflictwithleadership,19,true,1,unique_intent,PASS,de0d087a75da947a3085b203792b41c18f00688b8fa68715af55530054dcdd97
agreeableness,5,Is Agreeableness important in dating and close relationships?,isagreeablenessimportantindatingandcloserelationships,30,true,1,unique_intent,PASS,de0d087a75da947a3085b203792b41c18f00688b8fa68715af55530054dcdd97
agreeableness,6,What are the hidden costs of high Agreeableness?,whatarethehiddencostsofhighagreeableness,22,true,1,unique_intent,PASS,de0d087a75da947a3085b203792b41c18f00688b8fa68715af55530054dcdd97
neuroticism,1,Why use the word “Neuroticism” when it sounds negative?,whyusethewordneuroticismwhenitsoundsnegative,35,true,1,unique_intent,PASS,eb467ba0526684d24597ab51ac0771317092d9815b584f31601ac3ff329766a3
neuroticism,2,Is Neuroticism a mental illness?,isneuroticismamentalillness,23,true,2,reviewed_context_specific_answer,PASS,eb467ba0526684d24597ab51ac0771317092d9815b584f31601ac3ff329766a3
neuroticism,3,Does high Neuroticism mean I am emotionally unstable?,doeshighneuroticismmeaniamemotionallyunstable,25,true,1,unique_intent,PASS,eb467ba0526684d24597ab51ac0771317092d9815b584f31601ac3ff329766a3
neuroticism,4,Can Neuroticism change in daily life?,canneuroticismchangeindailylife,23,true,1,unique_intent,PASS,eb467ba0526684d24597ab51ac0771317092d9815b584f31601ac3ff329766a3
neuroticism,5,Should people with low Neuroticism worry that they do not feel enough emotion?,shouldpeoplewithlowneuroticismworrythattheydonotfeelenoughemotion,30,true,1,unique_intent,PASS,eb467ba0526684d24597ab51ac0771317092d9815b584f31601ac3ff329766a3
neuroticism,6,Is Neuroticism related to physical health?,isneuroticismrelatedtophysicalhealth,29,true,1,unique_intent,PASS,eb467ba0526684d24597ab51ac0771317092d9815b584f31601ac3ff329766a3
openness-high,1,"Does high Openness mean I am unsuited to stable, repetitive work?",doeshighopennessmeaniamunsuitedtostablerepetitivework,24,true,1,unique_intent,PASS,0b4d43c5967ce80c6417cf863d69dbdb1710b2a1990d2776d64a2abb840155dd
openness-high,2,Is high Openness the same as constantly losing interest?,ishighopennessthesameasconstantlylosinginterest,17,true,1,unique_intent,PASS,0b4d43c5967ce80c6417cf863d69dbdb1710b2a1990d2776d64a2abb840155dd
openness-high,3,Are highly open people more likely to be anxious?,arehighlyopenpeoplemorelikelytobeanxious,20,true,1,unique_intent,PASS,0b4d43c5967ce80c6417cf863d69dbdb1710b2a1990d2776d64a2abb840155dd
openness-high,4,Does Openness decline with age?,doesopennessdeclinewithage,13,true,1,unique_intent,PASS,0b4d43c5967ce80c6417cf863d69dbdb1710b2a1990d2776d64a2abb840155dd
openness-high,5,Can I deliberately increase my Openness?,canideliberatelyincreasemyopenness,27,true,1,unique_intent,PASS,0b4d43c5967ce80c6417cf863d69dbdb1710b2a1990d2776d64a2abb840155dd
openness-mid,1,Does mid-range Openness mean I have “no personality”?,doesmidrangeopennessmeanihavenopersonality,20,true,1,unique_intent,PASS,471ae2e1616cb4dbdd320267085b95f04f8800bde84b0590f33953341da44fe8
openness-mid,2,What jobs suit someone with mid-range Openness?,whatjobssuitsomeonewithmidrangeopenness,19,true,1,unique_intent,PASS,471ae2e1616cb4dbdd320267085b95f04f8800bde84b0590f33953341da44fe8
openness-mid,3,Is being very curious sometimes and uninterested at other times consistent with mid-range Openness?,isbeingverycurioussometimesanduninterestedatothertimesconsistentwithmidrangeopenness,18,true,1,unique_intent,PASS,471ae2e1616cb4dbdd320267085b95f04f8800bde84b0590f33953341da44fe8
openness-mid,4,Does mid-range Openness need improvement?,doesmidrangeopennessneedimprovement,22,true,1,unique_intent,PASS,471ae2e1616cb4dbdd320267085b95f04f8800bde84b0590f33953341da44fe8
openness-mid,5,Why can a mid-range person look more creative than a high-range person?,whycanamidrangepersonlookmorecreativethanahighrangeperson,20,true,1,unique_intent,PASS,471ae2e1616cb4dbdd320267085b95f04f8800bde84b0590f33953341da44fe8
openness-low,1,Does low Openness mean I cannot innovate?,doeslowopennessmeanicannotinnovate,22,true,1,unique_intent,PASS,176e34837a0693c765f117a13b56cabc902d023b86eafdbfeaeb6c815ac9aef7
openness-low,2,Do I need to change this range deliberately?,doineedtochangethisrangedeliberately,19,true,1,unique_intent,PASS,176e34837a0693c765f117a13b56cabc902d023b86eafdbfeaeb6c815ac9aef7
openness-low,3,Will low Openness harm relationships?,willlowopennessharmrelationships,15,true,1,unique_intent,PASS,176e34837a0693c765f117a13b56cabc902d023b86eafdbfeaeb6c815ac9aef7
openness-low,4,How is low Openness different from a closed mind?,howislowopennessdifferentfromaclosedmind,22,true,1,unique_intent,PASS,176e34837a0693c765f117a13b56cabc902d023b86eafdbfeaeb6c815ac9aef7
conscientiousness-high,1,Is high Conscientiousness the same as perfectionism?,ishighconscientiousnessthesameasperfectionism,22,true,1,unique_intent,PASS,42c7873d0b844b18998ef459f9e05fc79fc2a9b8533ba95e602d25fa6d0b05f1
conscientiousness-high,2,Will a loosely structured workplace be difficult?,willalooselystructuredworkplacebedifficult,23,true,1,unique_intent,PASS,42c7873d0b844b18998ef459f9e05fc79fc2a9b8533ba95e602d25fa6d0b05f1
conscientiousness-high,3,Why do some highly conscientious people procrastinate?,whydosomehighlyconscientiouspeopleprocrastinate,21,true,1,unique_intent,PASS,42c7873d0b844b18998ef459f9e05fc79fc2a9b8533ba95e602d25fa6d0b05f1
conscientiousness-high,4,How is high Conscientiousness related to career success?,howishighconscientiousnessrelatedtocareersuccess,22,true,1,unique_intent,PASS,42c7873d0b844b18998ef459f9e05fc79fc2a9b8533ba95e602d25fa6d0b05f1
conscientiousness-mid,1,Does mid-range Conscientiousness mean weak self-discipline?,doesmidrangeconscientiousnessmeanweakselfdiscipline,17,true,1,unique_intent,PASS,68e6e5bbf4f608bd402531e81d3d22cdee22f1d137423f84a588d22675f59d0f
conscientiousness-mid,2,Do I need to increase Conscientiousness?,doineedtoincreaseconscientiousness,17,true,1,unique_intent,PASS,68e6e5bbf4f608bd402531e81d3d22cdee22f1d137423f84a588d22675f59d0f
conscientiousness-mid,3,Does mid-range Conscientiousness offer an advantage in leadership?,doesmidrangeconscientiousnessofferanadvantageinleadership,21,true,1,unique_intent,PASS,68e6e5bbf4f608bd402531e81d3d22cdee22f1d137423f84a588d22675f59d0f
conscientiousness-mid,4,Am I unstable if I am disciplined sometimes and relaxed at other times?,amiunstableifiamdisciplinedsometimesandrelaxedatothertimes,17,true,1,unique_intent,PASS,68e6e5bbf4f608bd402531e81d3d22cdee22f1d137423f84a588d22675f59d0f
conscientiousness-low,1,Does low Conscientiousness mean laziness?,doeslowconscientiousnessmeanlaziness,17,true,2,reviewed_context_specific_answer,PASS,1f2445bd184fcb401372fcbcf0d8b92d57992249a8907940088799adf4b0d77b
conscientiousness-low,2,How can I become more organized in an important area without misery?,howcanibecomemoreorganizedinanimportantareawithoutmisery,23,true,1,unique_intent,PASS,1f2445bd184fcb401372fcbcf0d8b92d57992249a8907940088799adf4b0d77b
conscientiousness-low,3,Does low Conscientiousness mean poor workplace competitiveness?,doeslowconscientiousnessmeanpoorworkplacecompetitiveness,18,true,1,unique_intent,PASS,1f2445bd184fcb401372fcbcf0d8b92d57992249a8907940088799adf4b0d77b
conscientiousness-low,4,Can low Conscientiousness change?,canlowconscientiousnesschange,19,true,1,unique_intent,PASS,1f2445bd184fcb401372fcbcf0d8b92d57992249a8907940088799adf4b0d77b
extraversion-high,1,Does high Extraversion mean I cannot work independently?,doeshighextraversionmeanicannotworkindependently,16,true,1,unique_intent,PASS,14504ea72cbbd823216adfbd60f026e4760bd81cecefbe2ee96e88b3e0678d8d
extraversion-high,2,Are highly extraverted people happier?,arehighlyextravertedpeoplehappier,19,true,1,unique_intent,PASS,14504ea72cbbd823216adfbd60f026e4760bd81cecefbe2ee96e88b3e0678d8d
extraversion-high,3,Can I make myself less extraverted?,canimakemyselflessextraverted,16,true,1,unique_intent,PASS,14504ea72cbbd823216adfbd60f026e4760bd81cecefbe2ee96e88b3e0678d8d
extraversion-high,4,Is high Extraversion an advantage in cultures that value it?,ishighextraversionanadvantageinculturesthatvalueit,15,true,1,unique_intent,PASS,14504ea72cbbd823216adfbd60f026e4760bd81cecefbe2ee96e88b3e0678d8d
extraversion-high,5,Is high Extraversion the same as impulsivity?,ishighextraversionthesameasimpulsivity,21,true,1,unique_intent,PASS,14504ea72cbbd823216adfbd60f026e4760bd81cecefbe2ee96e88b3e0678d8d
extraversion-mid,1,Is mid-range Extraversion just the “ordinary” level?,ismidrangeextraversionjusttheordinarylevel,15,true,1,unique_intent,PASS,3c015f80a939fddb6f29af5631b47962b4af2a332f09fe99a6db2756d474c6fc
extraversion-mid,2,Is it normal to feel more or less extraverted at different times?,isitnormaltofeelmoreorlessextravertedatdifferenttimes,20,true,1,unique_intent,PASS,3c015f80a939fddb6f29af5631b47962b4af2a332f09fe99a6db2756d474c6fc
extraversion-mid,3,What should a mid-range person consider when exploring work?,whatshouldamidrangepersonconsiderwhenexploringwork,15,true,2,reviewed_context_specific_answer,PASS,3c015f80a939fddb6f29af5631b47962b4af2a332f09fe99a6db2756d474c6fc
extraversion-mid,4,Am I both introverted and extraverted?,amibothintrovertedandextraverted,23,true,1,unique_intent,PASS,3c015f80a939fddb6f29af5631b47962b4af2a332f09fe99a6db2756d474c6fc
extraversion-low,1,Does low Extraversion mean I should avoid social contact?,doeslowextraversionmeanishouldavoidsocialcontact,21,true,1,unique_intent,PASS,d17252b0fafae073d00bce6a0e1721f1eaac4f005fff346f4c39291a0be9571e
extraversion-low,2,How can I handle a socially intense setting such as an interview?,howcanihandleasociallyintensesettingsuchasaninterview,20,true,1,unique_intent,PASS,d17252b0fafae073d00bce6a0e1721f1eaac4f005fff346f4c39291a0be9571e
extraversion-low,3,Is low Extraversion related to Asperger syndrome?,islowextraversionrelatedtoaspergersyndrome,16,true,1,unique_intent,PASS,d17252b0fafae073d00bce6a0e1721f1eaac4f005fff346f4c39291a0be9571e
extraversion-low,4,Can I make myself more extraverted?,canimakemyselfmoreextraverted,19,true,1,unique_intent,PASS,d17252b0fafae073d00bce6a0e1721f1eaac4f005fff346f4c39291a0be9571e
agreeableness-high,1,Does high Agreeableness mean I always accommodate others?,doeshighagreeablenessmeanialwaysaccommodateothers,16,true,1,unique_intent,PASS,10026ad81bcbd673c923c28c63ef5aa1d5f97b27c7b89b7142e196aea65a0829
agreeableness-high,2,Is high Agreeableness a workplace disadvantage?,ishighagreeablenessaworkplacedisadvantage,21,true,1,unique_intent,PASS,10026ad81bcbd673c923c28c63ef5aa1d5f97b27c7b89b7142e196aea65a0829
agreeableness-high,3,Are highly agreeable people easier to deceive?,arehighlyagreeablepeopleeasiertodeceive,14,true,1,unique_intent,PASS,10026ad81bcbd673c923c28c63ef5aa1d5f97b27c7b89b7142e196aea65a0829
agreeableness-high,4,How can I get better at saying no?,howcanigetbetteratsayingno,20,true,1,unique_intent,PASS,10026ad81bcbd673c923c28c63ef5aa1d5f97b27c7b89b7142e196aea65a0829
agreeableness-mid,1,Is mid-range Agreeableness just treating people differently for advantage?,ismidrangeagreeablenessjusttreatingpeopledifferentlyforadvantage,19,true,1,unique_intent,PASS,d8b5635c203d5160bbab900aaabdb212a282aceaa6d9660511f9e335e5994391
agreeableness-mid,2,What should a mid-range person consider when exploring work?,whatshouldamidrangepersonconsiderwhenexploringwork,18,true,2,reviewed_context_specific_answer,PASS,d8b5635c203d5160bbab900aaabdb212a282aceaa6d9660511f9e335e5994391
agreeableness-mid,3,Can I deliberately train Agreeableness?,canideliberatelytrainagreeableness,21,true,1,unique_intent,PASS,d8b5635c203d5160bbab900aaabdb212a282aceaa6d9660511f9e335e5994391
agreeableness-mid,4,How can a mid-range person contribute in a team?,howcanamidrangepersoncontributeinateam,20,true,1,unique_intent,PASS,d8b5635c203d5160bbab900aaabdb212a282aceaa6d9660511f9e335e5994391
agreeableness-low,1,Does low Agreeableness mean I am a bad person?,doeslowagreeablenessmeaniamabadperson,17,true,1,unique_intent,PASS,84ecb1e40e26e3d8eace7b3834aa8397d0f2ae037abdae53979eaac3167d142d
agreeableness-low,2,Can low Agreeableness change through practice?,canlowagreeablenesschangethroughpractice,19,true,1,unique_intent,PASS,84ecb1e40e26e3d8eace7b3834aa8397d0f2ae037abdae53979eaac3167d142d
agreeableness-low,3,Do people with low Agreeableness inevitably cause team problems?,dopeoplewithlowagreeablenessinevitablycauseteamproblems,18,true,1,unique_intent,PASS,84ecb1e40e26e3d8eace7b3834aa8397d0f2ae037abdae53979eaac3167d142d
agreeableness-low,4,What if I worry that this score will shape how others see me?,whatifiworrythatthisscorewillshapehowothersseeme,26,true,1,unique_intent,PASS,84ecb1e40e26e3d8eace7b3834aa8397d0f2ae037abdae53979eaac3167d142d
neuroticism-high,1,Does high Neuroticism mean an anxiety disorder?,doeshighneuroticismmeanananxietydisorder,15,true,1,unique_intent,PASS,4b7d6d371fd219cda5b77181decf0ff57fca60a6c321430b1402e0abafccb0af
neuroticism-high,2,Should I try to lower my Neuroticism?,shoulditrytolowermyneuroticism,21,true,1,unique_intent,PASS,4b7d6d371fd219cda5b77181decf0ff57fca60a6c321430b1402e0abafccb0af
neuroticism-high,3,Is high Neuroticism a disadvantage?,ishighneuroticismadisadvantage,16,true,1,unique_intent,PASS,4b7d6d371fd219cda5b77181decf0ff57fca60a6c321430b1402e0abafccb0af
neuroticism-high,4,Does high Neuroticism affect physical health?,doeshighneuroticismaffectphysicalhealth,20,true,1,unique_intent,PASS,4b7d6d371fd219cda5b77181decf0ff57fca60a6c321430b1402e0abafccb0af
neuroticism-high,5,Do I need to see a mental-health professional?,doineedtoseeamentalhealthprofessional,21,true,1,unique_intent,PASS,4b7d6d371fd219cda5b77181decf0ff57fca60a6c321430b1402e0abafccb0af
neuroticism-mid,1,Is mid-range Neuroticism the “normal” level?,ismidrangeneuroticismthenormallevel,14,true,1,unique_intent,PASS,cad05eb15c8a731a81f6cdb1b63697b50d32c79666b2e0f6d1217220a262b785
neuroticism-mid,2,What if my score is close to a high or low boundary?,whatifmyscoreisclosetoahighorlowboundary,19,true,1,unique_intent,PASS,cad05eb15c8a731a81f6cdb1b63697b50d32c79666b2e0f6d1217220a262b785
neuroticism-mid,3,Is Neuroticism the same as resilience?,isneuroticismthesameasresilience,16,true,1,unique_intent,PASS,cad05eb15c8a731a81f6cdb1b63697b50d32c79666b2e0f6d1217220a262b785
neuroticism-mid,4,Should I worry that my Neuroticism score will increase?,shouldiworrythatmyneuroticismscorewillincrease,19,true,1,unique_intent,PASS,cad05eb15c8a731a81f6cdb1b63697b50d32c79666b2e0f6d1217220a262b785
neuroticism-low,1,Does low Neuroticism mean having no emotions?,doeslowneuroticismmeanhavingnoemotions,16,true,1,unique_intent,PASS,e400865859b942aa0e06f05788c91cd09d00580140b11503400d5dbc1ed7e297
neuroticism-low,2,What relationship problems do people with low Neuroticism have?,whatrelationshipproblemsdopeoplewithlowneuroticismhave,20,true,1,unique_intent,PASS,e400865859b942aa0e06f05788c91cd09d00580140b11503400d5dbc1ed7e297
neuroticism-low,3,Is low Neuroticism an advantage?,islowneuroticismanadvantage,20,true,1,unique_intent,PASS,e400865859b942aa0e06f05788c91cd09d00580140b11503400d5dbc1ed7e297
neuroticism-low,4,Can I make my Neuroticism score lower?,canimakemyneuroticismscorelower,18,true,1,unique_intent,PASS,e400865859b942aa0e06f05788c91cd09d00580140b11503400d5dbc1ed7e297
neuroticism-low,5,Does low Neuroticism protect against mental illness?,doeslowneuroticismprotectagainstmentalillness,19,true,1,unique_intent,PASS,e400865859b942aa0e06f05788c91cd09d00580140b11503400d5dbc1ed7e297
facets,1,Which facet should I read first?,whichfacetshouldireadfirst,37,true,1,unique_intent,PASS,d11cc87a47bb912f280f66d102e2adf3f7318e4c909c56edae53ee7871d55953
facets,2,What if my facet scores and domain score seem inconsistent?,whatifmyfacetscoresanddomainscoreseeminconsistent,44,true,1,unique_intent,PASS,d11cc87a47bb912f280f66d102e2adf3f7318e4c909c56edae53ee7871d55953
facets,3,How should I explain my facet pattern to someone else?,howshouldiexplainmyfacetpatterntosomeoneelse,49,true,1,unique_intent,PASS,d11cc87a47bb912f280f66d102e2adf3f7318e4c909c56edae53ee7871d55953
facets,4,Is it a problem if all 30 facets are low?,isitaproblemifall30facetsarelow,62,true,1,unique_intent,PASS,d11cc87a47bb912f280f66d102e2adf3f7318e4c909c56edae53ee7871d55953
facets,5,Can facets change?,canfacetschange,47,true,1,unique_intent,PASS,d11cc87a47bb912f280f66d102e2adf3f7318e4c909c56edae53ee7871d55953
facets,6,Can I compare facet results from different tests directly?,canicomparefacetresultsfromdifferenttestsdirectly,39,true,1,unique_intent,PASS,d11cc87a47bb912f280f66d102e2adf3f7318e4c909c56edae53ee7871d55953
facets,7,Can facets be used for career planning?,canfacetsbeusedforcareerplanning,52,true,1,unique_intent,PASS,d11cc87a47bb912f280f66d102e2adf3f7318e4c909c56edae53ee7871d55953
O1-imagination,1,Does strong Imagination equal creativity?,doesstrongimaginationequalcreativity,17,true,1,unique_intent,PASS,7b7af71b2964a7640c4751b363766c14108a3dd4d8c25f982f4e3d2adc2bdc07
O1-imagination,2,Does weaker Imagination make someone boring?,doesweakerimaginationmakesomeoneboring,18,true,1,unique_intent,PASS,7b7af71b2964a7640c4751b363766c14108a3dd4d8c25f982f4e3d2adc2bdc07
O1-imagination,3,Can Imagination be trained?,canimaginationbetrained,19,true,1,unique_intent,PASS,7b7af71b2964a7640c4751b363766c14108a3dd4d8c25f982f4e3d2adc2bdc07
O1-imagination,4,Do children necessarily have stronger Imagination than adults?,dochildrennecessarilyhavestrongerimaginationthanadults,19,true,1,unique_intent,PASS,7b7af71b2964a7640c4751b363766c14108a3dd4d8c25f982f4e3d2adc2bdc07
O1-imagination,5,Can strong Imagination make someone confuse fantasy with reality?,canstrongimaginationmakesomeoneconfusefantasywithreality,17,true,1,unique_intent,PASS,7b7af71b2964a7640c4751b363766c14108a3dd4d8c25f982f4e3d2adc2bdc07
O1-imagination,6,How is this facet different from daydreaming?,howisthisfacetdifferentfromdaydreaming,16,true,1,unique_intent,PASS,7b7af71b2964a7640c4751b363766c14108a3dd4d8c25f982f4e3d2adc2bdc07
O2-aesthetics,1,Does strong Aesthetics mean artistic talent?,doesstrongaestheticsmeanartistictalent,10,true,1,unique_intent,PASS,844c6002928db2a90e7ee820cafd505bb57a0eab7886122f1a11a5c93a9710a0
O2-aesthetics,2,Does weaker Aesthetics mean having no feelings?,doesweakeraestheticsmeanhavingnofeelings,20,true,1,unique_intent,PASS,844c6002928db2a90e7ee820cafd505bb57a0eab7886122f1a11a5c93a9710a0
O2-aesthetics,3,Can aesthetic sensitivity be cultivated?,canaestheticsensitivitybecultivated,18,true,1,unique_intent,PASS,844c6002928db2a90e7ee820cafd505bb57a0eab7886122f1a11a5c93a9710a0
O2-aesthetics,4,Does culture affect this facet?,doescultureaffectthisfacet,23,true,1,unique_intent,PASS,844c6002928db2a90e7ee820cafd505bb57a0eab7886122f1a11a5c93a9710a0
O2-aesthetics,5,Does being too busy for museums imply weaker Aesthetics?,doesbeingtoobusyformuseumsimplyweakeraesthetics,18,true,1,unique_intent,PASS,844c6002928db2a90e7ee820cafd505bb57a0eab7886122f1a11a5c93a9710a0
O3-feelings,1,Does strong Feelings mean being emotional?,doesstrongfeelingsmeanbeingemotional,13,true,1,unique_intent,PASS,4128b07340cbea3658cc3ea55656a5d67f54e9372f9a487b9f548619d797da79
O3-feelings,2,Does weaker Feelings mean low emotional intelligence?,doesweakerfeelingsmeanlowemotionalintelligence,15,true,1,unique_intent,PASS,4128b07340cbea3658cc3ea55656a5d67f54e9372f9a487b9f548619d797da79
O3-feelings,3,Is rarely thinking about emotion a problem?,israrelythinkingaboutemotionaproblem,21,true,1,unique_intent,PASS,4128b07340cbea3658cc3ea55656a5d67f54e9372f9a487b9f548619d797da79
O3-feelings,4,Is this facet the same as meditation experience?,isthisfacetthesameasmeditationexperience,17,true,1,unique_intent,PASS,4128b07340cbea3658cc3ea55656a5d67f54e9372f9a487b9f548619d797da79
O3-feelings,5,Can emotional awareness be practiced?,canemotionalawarenessbepracticed,20,true,1,unique_intent,PASS,4128b07340cbea3658cc3ea55656a5d67f54e9372f9a487b9f548619d797da79
O4-actions,1,Does strong Actions mean being restless or unreliable?,doesstrongactionsmeanbeingrestlessorunreliable,12,true,1,unique_intent,PASS,8678d98d9d87ad7c3148decd5142cc2ab9ed07f6e6c066e15cfac83e4fd8cb0a
O4-actions,2,Does weaker Actions imply a boring life?,doesweakeractionsimplyaboringlife,14,true,1,unique_intent,PASS,8678d98d9d87ad7c3148decd5142cc2ab9ed07f6e6c066e15cfac83e4fd8cb0a
O4-actions,3,Is this facet the same as adventurousness?,isthisfacetthesameasadventurousness,13,true,1,unique_intent,PASS,8678d98d9d87ad7c3148decd5142cc2ab9ed07f6e6c066e15cfac83e4fd8cb0a
O4-actions,4,Do older people necessarily score lower on Actions?,doolderpeoplenecessarilyscoreloweronactions,15,true,1,unique_intent,PASS,8678d98d9d87ad7c3148decd5142cc2ab9ed07f6e6c066e15cfac83e4fd8cb0a
O4-actions,5,Where can I start if I want more variety?,wherecanistartifiwantmorevariety,15,true,1,unique_intent,PASS,8678d98d9d87ad7c3148decd5142cc2ab9ed07f6e6c066e15cfac83e4fd8cb0a
O5-ideas,1,Does strong Ideas mean being intelligent?,doesstrongideasmeanbeingintelligent,16,true,1,unique_intent,PASS,4a987af45d64a4ddb171ddcd67c8e0e6913fab45620241561c1e57c9f49d02e4
O5-ideas,2,Do people with weaker Ideas dislike learning?,dopeoplewithweakerideasdislikelearning,16,true,1,unique_intent,PASS,4a987af45d64a4ddb171ddcd67c8e0e6913fab45620241561c1e57c9f49d02e4
O5-ideas,3,Is this facet the same as curiosity?,isthisfacetthesameascuriosity,16,true,1,unique_intent,PASS,4a987af45d64a4ddb171ddcd67c8e0e6913fab45620241561c1e57c9f49d02e4
O5-ideas,4,Can strong Ideas cause more thinking than doing?,canstrongideascausemorethinkingthandoing,20,true,1,unique_intent,PASS,4a987af45d64a4ddb171ddcd67c8e0e6913fab45620241561c1e57c9f49d02e4
O5-ideas,5,Can education change Ideas?,caneducationchangeideas,18,true,1,unique_intent,PASS,4a987af45d64a4ddb171ddcd67c8e0e6913fab45620241561c1e57c9f49d02e4
O6-values,1,Does strong Values mean having no principles?,doesstrongvaluesmeanhavingnoprinciples,11,true,1,unique_intent,PASS,b9277c04edd2eed3908ed30ba3a5d1e8cd4f660e575d43c3e7c7c10d35e96831
O6-values,2,Does weaker Values mean being backward or conservative?,doesweakervaluesmeanbeingbackwardorconservative,22,true,1,unique_intent,PASS,b9277c04edd2eed3908ed30ba3a5d1e8cd4f660e575d43c3e7c7c10d35e96831
O6-values,3,Can Values predict political ideology or voting?,canvaluespredictpoliticalideologyorvoting,18,true,1,unique_intent,PASS,b9277c04edd2eed3908ed30ba3a5d1e8cd4f660e575d43c3e7c7c10d35e96831
O6-values,4,Can someone train greater openness in Values?,cansomeonetraingreateropennessinvalues,15,true,1,unique_intent,PASS,b9277c04edd2eed3908ed30ba3a5d1e8cd4f660e575d43c3e7c7c10d35e96831
O6-values,5,Does disagreeing with family prove strong Values?,doesdisagreeingwithfamilyprovestrongvalues,21,true,1,unique_intent,PASS,b9277c04edd2eed3908ed30ba3a5d1e8cd4f660e575d43c3e7c7c10d35e96831
C1-competence,1,Does weaker Competence mean lower ability?,doesweakercompetencemeanlowerability,11,true,1,unique_intent,PASS,e145d8a6ac59db62069d7dd4f724b93b13cc83d913ad5e7008f40b6d2da69ead
C1-competence,2,Are people with stronger Competence arrogant?,arepeoplewithstrongercompetencearrogant,12,true,1,unique_intent,PASS,e145d8a6ac59db62069d7dd4f724b93b13cc83d913ad5e7008f40b6d2da69ead
C1-competence,3,Is Competence the same as self-confidence?,iscompetencethesameasselfconfidence,15,true,1,unique_intent,PASS,e145d8a6ac59db62069d7dd4f724b93b13cc83d913ad5e7008f40b6d2da69ead
C1-competence,4,Can successful experiences increase Competence?,cansuccessfulexperiencesincreasecompetence,18,true,1,unique_intent,PASS,e145d8a6ac59db62069d7dd4f724b93b13cc83d913ad5e7008f40b6d2da69ead
C1-competence,5,How can a leader support someone with weaker Competence?,howcanaleadersupportsomeonewithweakercompetence,20,true,1,unique_intent,PASS,e145d8a6ac59db62069d7dd4f724b93b13cc83d913ad5e7008f40b6d2da69ead
C2-order,1,Is strong Order the same as obsessive-compulsive disorder?,isstrongorderthesameasobsessivecompulsivedisorder,18,true,1,unique_intent,PASS,6ca26fc4a0b1a2b63ca1f9e965b4e7d7c8588f4eea539c7c877faadcddec84bc
C2-order,2,Does weaker Order mean someone is irresponsible?,doesweakerordermeansomeoneisirresponsible,7,true,1,unique_intent,PASS,6ca26fc4a0b1a2b63ca1f9e965b4e7d7c8588f4eea539c7c877faadcddec84bc
C2-order,3,Can Order coexist with creativity?,canordercoexistwithcreativity,10,true,1,unique_intent,PASS,6ca26fc4a0b1a2b63ca1f9e965b4e7d7c8588f4eea539c7c877faadcddec84bc
C2-order,4,How can people with different Order preferences live or work together?,howcanpeoplewithdifferentorderpreferencesliveorworktogether,14,true,1,unique_intent,PASS,6ca26fc4a0b1a2b63ca1f9e965b4e7d7c8588f4eea539c7c877faadcddec84bc
C2-order,5,Can Order change across life stages?,canorderchangeacrosslifestages,17,true,1,unique_intent,PASS,6ca26fc4a0b1a2b63ca1f9e965b4e7d7c8588f4eea539c7c877faadcddec84bc
C3-dutifulness,1,Are people with strong Dutifulness easy to exploit?,arepeoplewithstrongdutifulnesseasytoexploit,14,true,1,unique_intent,PASS,e803c4d8c2df9600d1003a7ae59e72e6dd27f3fad406e00b72708de925f76baa
C3-dutifulness,2,Does weaker Dutifulness mean immorality?,doesweakerdutifulnessmeanimmorality,10,true,1,unique_intent,PASS,e803c4d8c2df9600d1003a7ae59e72e6dd27f3fad406e00b72708de925f76baa
C3-dutifulness,3,How is Dutifulness different from people pleasing?,howisdutifulnessdifferentfrompeoplepleasing,19,true,1,unique_intent,PASS,e803c4d8c2df9600d1003a7ae59e72e6dd27f3fad406e00b72708de925f76baa
C3-dutifulness,4,Can Dutifulness be strengthened through practice?,candutifulnessbestrengthenedthroughpractice,16,true,1,unique_intent,PASS,e803c4d8c2df9600d1003a7ae59e72e6dd27f3fad406e00b72708de925f76baa
C3-dutifulness,5,Does childhood education determine Dutifulness?,doeschildhoodeducationdeterminedutifulness,11,true,1,unique_intent,PASS,e803c4d8c2df9600d1003a7ae59e72e6dd27f3fad406e00b72708de925f76baa
C4-achievement-striving,1,Does strong Achievement Striving guarantee success?,doesstrongachievementstrivingguaranteesuccess,13,true,1,unique_intent,PASS,203014b560974d683f788d480f21daf9ce75b8611f304119b0c363049490c831
C4-achievement-striving,2,Does weaker Achievement Striving mean lacking ambition or growth?,doesweakerachievementstrivingmeanlackingambitionorgrowth,16,true,1,unique_intent,PASS,203014b560974d683f788d480f21daf9ce75b8611f304119b0c363049490c831
C4-achievement-striving,3,How is Achievement Striving different from perfectionism?,howisachievementstrivingdifferentfromperfectionism,17,true,1,unique_intent,PASS,203014b560974d683f788d480f21daf9ce75b8611f304119b0c363049490c831
C4-achievement-striving,4,Can this tendency change?,canthistendencychange,14,true,1,unique_intent,PASS,203014b560974d683f788d480f21daf9ce75b8611f304119b0c363049490c831
C4-achievement-striving,5,How can I support a highly achievement-striving partner or friend?,howcanisupportahighlyachievementstrivingpartnerorfriend,20,true,1,unique_intent,PASS,203014b560974d683f788d480f21daf9ce75b8611f304119b0c363049490c831
C5-self-discipline,1,Does weaker Self-Discipline mean laziness?,doesweakerselfdisciplinemeanlaziness,12,true,1,unique_intent,PASS,67ca8308554001748fddbaaabfcb4008ee5e6e4d2fc3a0757493ad704b71e308
C5-self-discipline,2,Can Self-Discipline improve through training?,canselfdisciplineimprovethroughtraining,18,true,1,unique_intent,PASS,67ca8308554001748fddbaaabfcb4008ee5e6e4d2fc3a0757493ad704b71e308
C5-self-discipline,3,Are highly self-disciplined people boring?,arehighlyselfdisciplinedpeopleboring,10,true,1,unique_intent,PASS,67ca8308554001748fddbaaabfcb4008ee5e6e4d2fc3a0757493ad704b71e308
C5-self-discipline,4,How is Self-Discipline different from habit?,howisselfdisciplinedifferentfromhabit,14,true,1,unique_intent,PASS,67ca8308554001748fddbaaabfcb4008ee5e6e4d2fc3a0757493ad704b71e308
C5-self-discipline,5,Does Extraversion or Introversion determine Self-Discipline?,doesextraversionorintroversiondetermineselfdiscipline,11,true,1,unique_intent,PASS,67ca8308554001748fddbaaabfcb4008ee5e6e4d2fc3a0757493ad704b71e308
C6-deliberation,1,Does strong Deliberation mean indecision?,doesstrongdeliberationmeanindecision,9,true,1,unique_intent,PASS,d1caecaf4c54b72461ed03a1323c9bc10cc4a00d4813c8eb61124543f889e137
C6-deliberation,2,Does weaker Deliberation mean recklessness?,doesweakerdeliberationmeanrecklessness,10,true,1,unique_intent,PASS,d1caecaf4c54b72461ed03a1323c9bc10cc4a00d4813c8eb61124543f889e137
C6-deliberation,3,Is stronger Deliberation always better for major decisions?,isstrongerdeliberationalwaysbetterformajordecisions,16,true,1,unique_intent,PASS,d1caecaf4c54b72461ed03a1323c9bc10cc4a00d4813c8eb61124543f889e137
C6-deliberation,4,How can people with different decision tempos work together?,howcanpeoplewithdifferentdecisiontemposworktogether,14,true,1,unique_intent,PASS,d1caecaf4c54b72461ed03a1323c9bc10cc4a00d4813c8eb61124543f889e137
C6-deliberation,5,Can environment change Deliberation?,canenvironmentchangedeliberation,16,true,1,unique_intent,PASS,d1caecaf4c54b72461ed03a1323c9bc10cc4a00d4813c8eb61124543f889e137
E1-warmth,1,Is Warmth the same as pleasing other people?,iswarmththesameaspleasingotherpeople,9,true,1,unique_intent,PASS,b133e0ae6d00583a6921fe122e0c63a2d65eb3daf275963a23deb09d2d63f251
E1-warmth,2,Can someone with weaker Warmth be a good leader?,cansomeonewithweakerwarmthbeagoodleader,11,true,1,unique_intent,PASS,b133e0ae6d00583a6921fe122e0c63a2d65eb3daf275963a23deb09d2d63f251
E1-warmth,3,Is it contradictory to be warm in one setting and cool in another?,isitcontradictorytobewarminonesettingandcoolinanother,10,true,1,unique_intent,PASS,b133e0ae6d00583a6921fe122e0c63a2d65eb3daf275963a23deb09d2d63f251
E1-warmth,4,Can too much Warmth seem insincere?,cantoomuchwarmthseeminsincere,18,true,1,unique_intent,PASS,b133e0ae6d00583a6921fe122e0c63a2d65eb3daf275963a23deb09d2d63f251
E1-warmth,5,Can I become more expressive?,canibecomemoreexpressive,16,true,1,unique_intent,PASS,b133e0ae6d00583a6921fe122e0c63a2d65eb3daf275963a23deb09d2d63f251
E2-gregariousness,1,Does weaker Gregariousness mean social anxiety?,doesweakergregariousnessmeansocialanxiety,10,true,1,unique_intent,PASS,26f1da4612a006aa5ed5a5b3122bcc98bd7c0a0cecb08d1a3511f10b45038530
E2-gregariousness,2,Are highly gregarious people equally active online?,arehighlygregariouspeopleequallyactiveonline,10,true,1,unique_intent,PASS,26f1da4612a006aa5ed5a5b3122bcc98bd7c0a0cecb08d1a3511f10b45038530
E2-gregariousness,3,Can Gregariousness change?,cangregariousnesschange,14,true,1,unique_intent,PASS,26f1da4612a006aa5ed5a5b3122bcc98bd7c0a0cecb08d1a3511f10b45038530
E2-gregariousness,4,Can highly gregarious people enjoy solitude?,canhighlygregariouspeopleenjoysolitude,11,true,1,unique_intent,PASS,26f1da4612a006aa5ed5a5b3122bcc98bd7c0a0cecb08d1a3511f10b45038530
E2-gregariousness,5,Can a socially skilled person have weaker Gregariousness?,canasociallyskilledpersonhaveweakergregariousness,9,true,1,unique_intent,PASS,26f1da4612a006aa5ed5a5b3122bcc98bd7c0a0cecb08d1a3511f10b45038530
E3-assertiveness,1,Are highly assertive people uncooperative?,arehighlyassertivepeopleuncooperative,7,true,1,unique_intent,PASS,987390639defd0c7bad73b30db3a2523f56aa56a99f3d4586413f2332b03e2bd
E3-assertiveness,2,Can someone with weaker Assertiveness lead?,cansomeonewithweakerassertivenesslead,9,true,1,unique_intent,PASS,987390639defd0c7bad73b30db3a2523f56aa56a99f3d4586413f2332b03e2bd
E3-assertiveness,3,Can gender affect how Assertiveness is judged?,cangenderaffecthowassertivenessisjudged,17,true,1,unique_intent,PASS,987390639defd0c7bad73b30db3a2523f56aa56a99f3d4586413f2332b03e2bd
E3-assertiveness,4,Can Assertiveness be practiced?,canassertivenessbepracticed,16,true,1,unique_intent,PASS,987390639defd0c7bad73b30db3a2523f56aa56a99f3d4586413f2332b03e2bd
E3-assertiveness,5,How is Assertiveness different from rudeness?,howisassertivenessdifferentfromrudeness,12,true,1,unique_intent,PASS,987390639defd0c7bad73b30db3a2523f56aa56a99f3d4586413f2332b03e2bd
E4-activity,1,Does stronger Activity mean better health?,doesstrongeractivitymeanbetterhealth,8,true,1,unique_intent,PASS,d6d388625b3fd4cf42db510f25ac0d4c73c8a0f61f353b78e23bd44adcb9bed8
E4-activity,2,Is weaker Activity a waste of time?,isweakeractivityawasteoftime,8,true,1,unique_intent,PASS,d6d388625b3fd4cf42db510f25ac0d4c73c8a0f61f353b78e23bd44adcb9bed8
E4-activity,3,Can external incentives change Activity?,canexternalincentiveschangeactivity,14,true,1,unique_intent,PASS,d6d388625b3fd4cf42db510f25ac0d4c73c8a0f61f353b78e23bd44adcb9bed8
E4-activity,4,How is Activity related to energy?,howisactivityrelatedtoenergy,13,true,1,unique_intent,PASS,d6d388625b3fd4cf42db510f25ac0d4c73c8a0f61f353b78e23bd44adcb9bed8
E4-activity,5,How can I tell preference from situational busyness?,howcanitellpreferencefromsituationalbusyness,15,true,1,unique_intent,PASS,d6d388625b3fd4cf42db510f25ac0d4c73c8a0f61f353b78e23bd44adcb9bed8
E5-excitement-seeking,1,What is the relationship between Excitement Seeking and substance use?,whatistherelationshipbetweenexcitementseekingandsubstanceuse,16,true,1,unique_intent,PASS,718fc2f961bb0b13dc5e6b7228db63903f85f454108fcfeedcd2c65455e6ec83
E5-excitement-seeking,2,Do people with weaker Excitement Seeking have boring lives?,dopeoplewithweakerexcitementseekinghaveboringlives,12,true,1,unique_intent,PASS,718fc2f961bb0b13dc5e6b7228db63903f85f454108fcfeedcd2c65455e6ec83
E5-excitement-seeking,3,Does Excitement Seeking inevitably decline with age?,doesexcitementseekinginevitablydeclinewithage,13,true,1,unique_intent,PASS,718fc2f961bb0b13dc5e6b7228db63903f85f454108fcfeedcd2c65455e6ec83
E5-excitement-seeking,4,Is Excitement Seeking the same as adventurousness?,isexcitementseekingthesameasadventurousness,11,true,1,unique_intent,PASS,718fc2f961bb0b13dc5e6b7228db63903f85f454108fcfeedcd2c65455e6ec83
E5-excitement-seeking,5,Can I meet stimulation needs while keeping a stable job?,canimeetstimulationneedswhilekeepingastablejob,16,true,1,unique_intent,PASS,718fc2f961bb0b13dc5e6b7228db63903f85f454108fcfeedcd2c65455e6ec83
E6-positive-emotions,1,Does weaker Positive Emotions mean pessimism?,doesweakerpositiveemotionsmeanpessimism,8,true,1,unique_intent,PASS,960be3a98a038b6bb52cbfb7ddfa1ba6313b2e39f7f6406f761977f538a9e973
E6-positive-emotions,2,Are people with stronger Positive Emotions unrealistic?,arepeoplewithstrongerpositiveemotionsunrealistic,13,true,1,unique_intent,PASS,960be3a98a038b6bb52cbfb7ddfa1ba6313b2e39f7f6406f761977f538a9e973
E6-positive-emotions,3,Can Positive Emotions be cultivated?,canpositiveemotionsbecultivated,18,true,1,unique_intent,PASS,960be3a98a038b6bb52cbfb7ddfa1ba6313b2e39f7f6406f761977f538a9e973
E6-positive-emotions,4,Is strong Positive Emotions the same as forced positivity?,isstrongpositiveemotionsthesameasforcedpositivity,16,true,1,unique_intent,PASS,960be3a98a038b6bb52cbfb7ddfa1ba6313b2e39f7f6406f761977f538a9e973
E6-positive-emotions,5,How is emotional volatility related to Positive Emotions?,howisemotionalvolatilityrelatedtopositiveemotions,17,true,1,unique_intent,PASS,960be3a98a038b6bb52cbfb7ddfa1ba6313b2e39f7f6406f761977f538a9e973
A1-trust,1,Does strong Trust make someone a good person?,doesstrongtrustmakesomeoneagoodperson,9,true,1,unique_intent,PASS,ea51cfe1811f77c1b5f69ee11d21de04155d0064ecae4d59a4e779bd1b27f05b
A1-trust,2,Can someone with weaker Trust build close relationships?,cansomeonewithweakertrustbuildcloserelationships,10,true,1,unique_intent,PASS,ea51cfe1811f77c1b5f69ee11d21de04155d0064ecae4d59a4e779bd1b27f05b
A1-trust,3,Is Trust the same as ignorance or immaturity?,istrustthesameasignoranceorimmaturity,14,true,1,unique_intent,PASS,ea51cfe1811f77c1b5f69ee11d21de04155d0064ecae4d59a4e779bd1b27f05b
A1-trust,4,Can Trust be rebuilt after fraud or betrayal?,cantrustberebuiltafterfraudorbetrayal,15,true,1,unique_intent,PASS,ea51cfe1811f77c1b5f69ee11d21de04155d0064ecae4d59a4e779bd1b27f05b
A1-trust,5,Does culture affect Trust?,doescultureaffecttrust,14,true,1,unique_intent,PASS,ea51cfe1811f77c1b5f69ee11d21de04155d0064ecae4d59a4e779bd1b27f05b
A2-straightforwardness,1,Are highly straightforward people indiscreet?,arehighlystraightforwardpeopleindiscreet,11,true,1,unique_intent,PASS,f3f7a7de972ae635ddf2bc40eced6f84809525386a99caa43378e29bbdfc528b
A2-straightforwardness,2,Does weaker Straightforwardness mean lying?,doesweakerstraightforwardnessmeanlying,10,true,1,unique_intent,PASS,f3f7a7de972ae635ddf2bc40eced6f84809525386a99caa43378e29bbdfc528b
A2-straightforwardness,3,How can I stay direct without hurting people?,howcanistaydirectwithouthurtingpeople,16,true,1,unique_intent,PASS,f3f7a7de972ae635ddf2bc40eced6f84809525386a99caa43378e29bbdfc528b
A2-straightforwardness,4,Does weaker Straightforwardness mean being manipulative?,doesweakerstraightforwardnessmeanbeingmanipulative,5,true,1,unique_intent,PASS,f3f7a7de972ae635ddf2bc40eced6f84809525386a99caa43378e29bbdfc528b
A2-straightforwardness,5,Can Straightforwardness be learned?,canstraightforwardnessbelearned,15,true,1,unique_intent,PASS,f3f7a7de972ae635ddf2bc40eced6f84809525386a99caa43378e29bbdfc528b
A3-altruism,1,Does strong Altruism require unconditional self-sacrifice?,doesstrongaltruismrequireunconditionalselfsacrifice,9,true,1,unique_intent,PASS,120e36b0cd1a157cfe94e0fae041f3e7acb273e687cc85cb0492aaad2f2ee755
A3-altruism,2,Does weaker Altruism mean selfishness?,doesweakeraltruismmeanselfishness,8,true,1,unique_intent,PASS,120e36b0cd1a157cfe94e0fae041f3e7acb273e687cc85cb0492aaad2f2ee755
A3-altruism,3,What relationships work well with a highly altruistic person?,whatrelationshipsworkwellwithahighlyaltruisticperson,12,true,1,unique_intent,PASS,120e36b0cd1a157cfe94e0fae041f3e7acb273e687cc85cb0492aaad2f2ee755
A3-altruism,4,Can Altruism interfere with personal goals?,canaltruisminterferewithpersonalgoals,13,true,1,unique_intent,PASS,120e36b0cd1a157cfe94e0fae041f3e7acb273e687cc85cb0492aaad2f2ee755
A3-altruism,5,Can helping behavior be practiced?,canhelpingbehaviorbepracticed,15,true,1,unique_intent,PASS,120e36b0cd1a157cfe94e0fae041f3e7acb273e687cc85cb0492aaad2f2ee755
A4-compliance,1,Does strong Compliance make someone a pushover?,doesstrongcompliancemakesomeoneapushover,11,true,1,unique_intent,PASS,c8606fa447d797cd9b17cad5cc9a20467ae87912476668dfc2d6d7bfc9180ca6
A4-compliance,2,Can someone with weaker Compliance cooperate?,cansomeonewithweakercompliancecooperate,7,true,1,unique_intent,PASS,c8606fa447d797cd9b17cad5cc9a20467ae87912476668dfc2d6d7bfc9180ca6
A4-compliance,3,How can I distinguish wise yielding from fearful yielding?,howcanidistinguishwiseyieldingfromfearfulyielding,13,true,1,unique_intent,PASS,c8606fa447d797cd9b17cad5cc9a20467ae87912476668dfc2d6d7bfc9180ca6
A4-compliance,4,Can conflict de-escalation skills be trained?,canconflictdeescalationskillsbetrained,15,true,1,unique_intent,PASS,c8606fa447d797cd9b17cad5cc9a20467ae87912476668dfc2d6d7bfc9180ca6
A4-compliance,5,Is weaker Compliance a clinical antagonistic personality?,isweakercomplianceaclinicalantagonisticpersonality,11,true,1,unique_intent,PASS,c8606fa447d797cd9b17cad5cc9a20467ae87912476668dfc2d6d7bfc9180ca6
A5-modesty,1,Does strong Modesty mean low self-esteem?,doesstrongmodestymeanlowselfesteem,9,true,1,unique_intent,PASS,f2a878c5e9e03b8d770f122bf7ea54e87ac9e8441705665775c01af8ce2b1d4d
A5-modesty,2,Is weaker Modesty the same as boasting?,isweakermodestythesameasboasting,10,true,1,unique_intent,PASS,f2a878c5e9e03b8d770f122bf7ea54e87ac9e8441705665775c01af8ce2b1d4d
A5-modesty,3,How much does culture affect judgments of Modesty?,howmuchdoescultureaffectjudgmentsofmodesty,13,true,1,unique_intent,PASS,f2a878c5e9e03b8d770f122bf7ea54e87ac9e8441705665775c01af8ce2b1d4d
A5-modesty,4,How can a modest person handle an interview?,howcanamodestpersonhandleaninterview,9,true,1,unique_intent,PASS,f2a878c5e9e03b8d770f122bf7ea54e87ac9e8441705665775c01af8ce2b1d4d
A5-modesty,5,How is Modesty different from humility?,howismodestydifferentfromhumility,17,true,1,unique_intent,PASS,f2a878c5e9e03b8d770f122bf7ea54e87ac9e8441705665775c01af8ce2b1d4d
A6-tender-mindedness,1,Does strong Tender-Mindedness mean being soft?,doesstrongtendermindednessmeanbeingsoft,6,true,1,unique_intent,PASS,71a9ed2ea18069d67e9f76f736499d0e4d2faa6968f2c9184979972fb6a84bdb
A6-tender-mindedness,2,Can someone with weaker Tender-Mindedness care for others?,cansomeonewithweakertendermindednesscareforothers,12,true,1,unique_intent,PASS,71a9ed2ea18069d67e9f76f736499d0e4d2faa6968f2c9184979972fb6a84bdb
A6-tender-mindedness,3,Can strong Tender-Mindedness cause emotional exhaustion?,canstrongtendermindednesscauseemotionalexhaustion,19,true,1,unique_intent,PASS,71a9ed2ea18069d67e9f76f736499d0e4d2faa6968f2c9184979972fb6a84bdb
A6-tender-mindedness,4,How is compassion different from pity?,howiscompassiondifferentfrompity,15,true,1,unique_intent,PASS,71a9ed2ea18069d67e9f76f736499d0e4d2faa6968f2c9184979972fb6a84bdb
A6-tender-mindedness,5,Can sympathetic attention be practiced?,cansympatheticattentionbepracticed,14,true,1,unique_intent,PASS,71a9ed2ea18069d67e9f76f736499d0e4d2faa6968f2c9184979972fb6a84bdb
N1-anxiety,1,Does strong Anxiety mean an anxiety disorder?,doesstronganxietymeanananxietydisorder,20,true,1,unique_intent,PASS,13123652a42adc5aab39cd8c512c4187ec74ef81ab14392b5df1f7a13d27ac6d
N1-anxiety,2,Do I need medication?,doineedmedication,20,true,1,unique_intent,PASS,13123652a42adc5aab39cd8c512c4187ec74ef81ab14392b5df1f7a13d27ac6d
N1-anxiety,3,Can someone with weaker Anxiety still feel anxious?,cansomeonewithweakeranxietystillfeelanxious,15,true,1,unique_intent,PASS,13123652a42adc5aab39cd8c512c4187ec74ef81ab14392b5df1f7a13d27ac6d
N1-anxiety,4,Is Anxiety related to intelligence?,isanxietyrelatedtointelligence,19,true,1,unique_intent,PASS,13123652a42adc5aab39cd8c512c4187ec74ef81ab14392b5df1f7a13d27ac6d
N1-anxiety,5,How can I support a friend with stronger Anxiety?,howcanisupportafriendwithstrongeranxiety,21,true,1,unique_intent,PASS,13123652a42adc5aab39cd8c512c4187ec74ef81ab14392b5df1f7a13d27ac6d
N2-anger,1,Does strong Anger mean having a bad temper?,doesstrongangermeanhavingabadtemper,18,true,1,unique_intent,PASS,c49e0a2a2c4e2ec2ba370cb3cb85027a56d24564cfadc6ea0c9f0ee4b9742dce
N2-anger,2,Does strong Anger mean I need medical care?,doesstrongangermeanineedmedicalcare,19,true,1,unique_intent,PASS,c49e0a2a2c4e2ec2ba370cb3cb85027a56d24564cfadc6ea0c9f0ee4b9742dce
N2-anger,3,How can I distinguish adaptive from maladaptive anger?,howcanidistinguishadaptivefrommaladaptiveanger,18,true,1,unique_intent,PASS,c49e0a2a2c4e2ec2ba370cb3cb85027a56d24564cfadc6ea0c9f0ee4b9742dce
N2-anger,4,Is suppressing anger healthier?,issuppressingangerhealthier,18,true,1,unique_intent,PASS,c49e0a2a2c4e2ec2ba370cb3cb85027a56d24564cfadc6ea0c9f0ee4b9742dce
N2-anger,5,Can Anger change with age?,canangerchangewithage,16,true,1,unique_intent,PASS,c49e0a2a2c4e2ec2ba370cb3cb85027a56d24564cfadc6ea0c9f0ee4b9742dce
N3-depression,1,How is the Big Five Depression facet different from depressive disorder?,howisthebigfivedepressionfacetdifferentfromdepressivedisorder,21,true,1,unique_intent,PASS,8643d82006c0b1a9223f6e625a2d3e5349a553e9ffe3857689cd092325a0513d
N3-depression,2,Do I need to see a clinician?,doineedtoseeaclinician,20,true,1,unique_intent,PASS,8643d82006c0b1a9223f6e625a2d3e5349a553e9ffe3857689cd092325a0513d
N3-depression,3,Can someone with stronger Depression feel happy?,cansomeonewithstrongerdepressionfeelhappy,18,true,1,unique_intent,PASS,8643d82006c0b1a9223f6e625a2d3e5349a553e9ffe3857689cd092325a0513d
N3-depression,4,Is the Depression facet related to creativity?,isthedepressionfacetrelatedtocreativity,21,true,1,unique_intent,PASS,8643d82006c0b1a9223f6e625a2d3e5349a553e9ffe3857689cd092325a0513d
N3-depression,5,Is the Depression facet inherited?,isthedepressionfacetinherited,17,true,1,unique_intent,PASS,8643d82006c0b1a9223f6e625a2d3e5349a553e9ffe3857689cd092325a0513d
N4-self-consciousness,1,How is Self-Consciousness different from social anxiety?,howisselfconsciousnessdifferentfromsocialanxiety,21,true,1,unique_intent,PASS,48d3c9f7ab72b6c4a7e4651924ab63127c6821d87c7336046ca180ce4aa080cd
N4-self-consciousness,2,Does strong Self-Consciousness mean low self-esteem?,doesstrongselfconsciousnessmeanlowselfesteem,18,true,1,unique_intent,PASS,48d3c9f7ab72b6c4a7e4651924ab63127c6821d87c7336046ca180ce4aa080cd
N4-self-consciousness,3,How can someone with strong Self-Consciousness approach public speaking?,howcansomeonewithstrongselfconsciousnessapproachpublicspeaking,20,true,1,unique_intent,PASS,48d3c9f7ab72b6c4a7e4651924ab63127c6821d87c7336046ca180ce4aa080cd
N4-self-consciousness,4,Why can I talk at a party but feel tense on camera?,whycanitalkatapartybutfeeltenseoncamera,17,true,1,unique_intent,PASS,48d3c9f7ab72b6c4a7e4651924ab63127c6821d87c7336046ca180ce4aa080cd
N4-self-consciousness,5,Does Self-Consciousness require professional treatment?,doesselfconsciousnessrequireprofessionaltreatment,16,true,1,unique_intent,PASS,48d3c9f7ab72b6c4a7e4651924ab63127c6821d87c7336046ca180ce4aa080cd
N5-impulsiveness,1,Does strong Impulsiveness mean having no self-control?,doesstrongimpulsivenessmeanhavingnoselfcontrol,15,true,1,unique_intent,PASS,b872771598cea400d33439a807df99160f5dffcc4f9ee1e09efddefd29570274
N5-impulsiveness,2,Is Impulsiveness a mental disorder?,isimpulsivenessamentaldisorder,13,true,1,unique_intent,PASS,b872771598cea400d33439a807df99160f5dffcc4f9ee1e09efddefd29570274
N5-impulsiveness,3,Can Impulsiveness change?,canimpulsivenesschange,19,true,1,unique_intent,PASS,b872771598cea400d33439a807df99160f5dffcc4f9ee1e09efddefd29570274
N5-impulsiveness,4,Is Impulsiveness related to ADHD?,isimpulsivenessrelatedtoadhd,19,true,1,unique_intent,PASS,b872771598cea400d33439a807df99160f5dffcc4f9ee1e09efddefd29570274
N5-impulsiveness,5,When should someone seek professional help?,whenshouldsomeoneseekprofessionalhelp,18,true,1,unique_intent,PASS,b872771598cea400d33439a807df99160f5dffcc4f9ee1e09efddefd29570274
N6-vulnerability,1,Does strong Vulnerability mean poor stress tolerance?,doesstrongvulnerabilitymeanpoorstresstolerance,22,true,1,unique_intent,PASS,c64b7069b817955cd0e2a7bf61c3ae4b09cf066fc4e1cc2c5b21050c7bc93881
N6-vulnerability,2,Does strong Vulnerability make someone weak?,doesstrongvulnerabilitymakesomeoneweak,17,true,1,unique_intent,PASS,c64b7069b817955cd0e2a7bf61c3ae4b09cf066fc4e1cc2c5b21050c7bc93881
N6-vulnerability,3,Do I need psychotherapy?,doineedpsychotherapy,19,true,1,unique_intent,PASS,c64b7069b817955cd0e2a7bf61c3ae4b09cf066fc4e1cc2c5b21050c7bc93881
N6-vulnerability,4,Can Vulnerability change?,canvulnerabilitychange,18,true,1,unique_intent,PASS,c64b7069b817955cd0e2a7bf61c3ae4b09cf066fc4e1cc2c5b21050c7bc93881
N6-vulnerability,5,Does a person with weaker Vulnerability need no care?,doesapersonwithweakervulnerabilityneednocare,14,true,1,unique_intent,PASS,c64b7069b817955cd0e2a7bf61c3ae4b09cf066fc4e1cc2c5b21050c7bc93881
