slug,locale,path,family_uuid,directory_family_slug,round_1_api_http_status,round_1_page_http_status,round_1_redirect_count,round_1_checks_pass,round_2_api_http_status,round_2_page_http_status,round_2_redirect_count,round_2_checks_pass
actuaries,en,/en/career/jobs/actuaries,019deefb-42a2-7230-96e1-6b9ee65a577e,,200,200,0,true,200,200,0,true
actuaries,zh-CN,/zh/career/jobs/actuaries,019deefb-42a2-7230-96e1-6b9ee65a577e,,200,200,0,true,200,200,0,true
architectural-and-engineering-managers,en,/en/career/jobs/architectural-and-engineering-managers,019deefb-42a2-7230-96e1-6b9ee65a577e,,200,200,0,true,200,200,0,true
architectural-and-engineering-managers,zh-CN,/zh/career/jobs/architectural-and-engineering-managers,019deefb-42a2-7230-96e1-6b9ee65a577e,,200,200,0,true,200,200,0,true
budget-analysts,en,/en/career/jobs/budget-analysts,019df240-47d9-7165-8a49-9c5a316dfe34,,200,200,0,true,200,200,0,true
budget-analysts,zh-CN,/zh/career/jobs/budget-analysts,019df240-47d9-7165-8a49-9c5a316dfe34,,200,200,0,true,200,200,0,true
compensation-benefits-and-job-analysis-specialists,en,/en/career/jobs/compensation-benefits-and-job-analysis-specialists,019df361-9b6a-7027-ae93-53ef4b46aa18,,200,200,0,true,200,200,0,true
compensation-benefits-and-job-analysis-specialists,zh-CN,/zh/career/jobs/compensation-benefits-and-job-analysis-specialists,019df361-9b6a-7027-ae93-53ef4b46aa18,,200,200,0,true,200,200,0,true
compliance-officers,en,/en/career/jobs/compliance-officers,019e1209-aa2e-736e-8b75-7f93a33bba82,,200,200,0,true,200,200,0,true
compliance-officers,zh-CN,/zh/career/jobs/compliance-officers,019e1209-aa2e-736e-8b75-7f93a33bba82,,200,200,0,true,200,200,0,true
computer-and-information-research-scientists,en,/en/career/jobs/computer-and-information-research-scientists,019df361-9b6a-7027-ae93-53ef4b46aa18,,200,200,0,true,200,200,0,true
computer-and-information-research-scientists,zh-CN,/zh/career/jobs/computer-and-information-research-scientists,019df361-9b6a-7027-ae93-53ef4b46aa18,,200,200,0,true,200,200,0,true
computer-and-information-systems-managers,en,/en/career/jobs/computer-and-information-systems-managers,019df361-9b6a-7027-ae93-53ef4b46aa18,,200,200,0,true,200,200,0,true
computer-and-information-systems-managers,zh-CN,/zh/career/jobs/computer-and-information-systems-managers,019df361-9b6a-7027-ae93-53ef4b46aa18,,200,200,0,true,200,200,0,true
computer-hardware-engineers,en,/en/career/jobs/computer-hardware-engineers,019e1209-aa2e-736e-8b75-7f93a33bba82,,200,200,0,true,200,200,0,true
computer-hardware-engineers,zh-CN,/zh/career/jobs/computer-hardware-engineers,019e1209-aa2e-736e-8b75-7f93a33bba82,,200,200,0,true,200,200,0,true
computer-programmers,en,/en/career/jobs/computer-programmers,019e1209-aa2e-736e-8b75-7f93a33bba82,,200,200,0,true,200,200,0,true
computer-programmers,zh-CN,/zh/career/jobs/computer-programmers,019e1209-aa2e-736e-8b75-7f93a33bba82,,200,200,0,true,200,200,0,true
computer-support-specialists,en,/en/career/jobs/computer-support-specialists,019df361-9b6a-7027-ae93-53ef4b46aa18,,200,200,0,true,200,200,0,true
computer-support-specialists,zh-CN,/zh/career/jobs/computer-support-specialists,019df361-9b6a-7027-ae93-53ef4b46aa18,,200,200,0,true,200,200,0,true
economists,en,/en/career/jobs/economists,019e1209-aa2e-736e-8b75-7f93a33bba82,,200,200,0,true,200,200,0,true
economists,zh-CN,/zh/career/jobs/economists,019e1209-aa2e-736e-8b75-7f93a33bba82,,200,200,0,true,200,200,0,true
electrical-and-electronics-engineers,en,/en/career/jobs/electrical-and-electronics-engineers,019e1209-aa2e-736e-8b75-7f93a33bba82,,200,200,0,true,200,200,0,true
electrical-and-electronics-engineers,zh-CN,/zh/career/jobs/electrical-and-electronics-engineers,019e1209-aa2e-736e-8b75-7f93a33bba82,,200,200,0,true,200,200,0,true
financial-examiners,en,/en/career/jobs/financial-examiners,019df361-9b6a-7027-ae93-53ef4b46aa18,,200,200,0,true,200,200,0,true
financial-examiners,zh-CN,/zh/career/jobs/financial-examiners,019df361-9b6a-7027-ae93-53ef4b46aa18,,200,200,0,true,200,200,0,true
financial-managers,en,/en/career/jobs/financial-managers,019df361-9b6a-7027-ae93-53ef4b46aa18,,200,200,0,true,200,200,0,true
financial-managers,zh-CN,/zh/career/jobs/financial-managers,019df361-9b6a-7027-ae93-53ef4b46aa18,,200,200,0,true,200,200,0,true
human-resources-managers,en,/en/career/jobs/human-resources-managers,019df240-47d9-7165-8a49-9c5a316dfe34,,200,200,0,true,200,200,0,true
human-resources-managers,zh-CN,/zh/career/jobs/human-resources-managers,019df240-47d9-7165-8a49-9c5a316dfe34,,200,200,0,true,200,200,0,true
human-resources-specialists,en,/en/career/jobs/human-resources-specialists,37ec69bd-655e-4ab4-b8ea-349632e87159,,200,200,0,true,200,200,0,true
human-resources-specialists,zh-CN,/zh/career/jobs/human-resources-specialists,37ec69bd-655e-4ab4-b8ea-349632e87159,,200,200,0,true,200,200,0,true
industrial-engineers,en,/en/career/jobs/industrial-engineers,,,200,200,0,false,200,200,0,false
industrial-engineers,zh-CN,/zh/career/jobs/industrial-engineers,,,200,200,0,false,200,200,0,false
logisticians,en,/en/career/jobs/logisticians,,,200,200,0,false,200,200,0,false
logisticians,zh-CN,/zh/career/jobs/logisticians,,,200,200,0,false,200,200,0,false
market-research-analysts,en,/en/career/jobs/market-research-analysts,019deefb-42a2-7230-96e1-6b9ee65a577e,,200,200,0,true,200,200,0,true
market-research-analysts,zh-CN,/zh/career/jobs/market-research-analysts,019deefb-42a2-7230-96e1-6b9ee65a577e,,200,200,0,true,200,200,0,true
mathematicians-and-statisticians,en,/en/career/jobs/mathematicians-and-statisticians,,,200,200,0,false,200,200,0,false
mathematicians-and-statisticians,zh-CN,/zh/career/jobs/mathematicians-and-statisticians,,,200,200,0,false,200,200,0,false
mechanical-engineers,en,/en/career/jobs/mechanical-engineers,,,200,200,0,false,200,200,0,false
mechanical-engineers,zh-CN,/zh/career/jobs/mechanical-engineers,,,200,200,0,false,200,200,0,false
network-and-computer-systems-administrators,en,/en/career/jobs/network-and-computer-systems-administrators,,,200,200,0,false,200,200,0,false
network-and-computer-systems-administrators,zh-CN,/zh/career/jobs/network-and-computer-systems-administrators,,,200,200,0,false,200,200,0,false
operations-research-analysts,en,/en/career/jobs/operations-research-analysts,,,200,200,0,false,200,200,0,false
operations-research-analysts,zh-CN,/zh/career/jobs/operations-research-analysts,,,200,200,0,false,200,200,0,false
personal-financial-advisors,en,/en/career/jobs/personal-financial-advisors,,,200,200,0,false,200,200,0,false
personal-financial-advisors,zh-CN,/zh/career/jobs/personal-financial-advisors,,,200,200,0,false,200,200,0,false
public-relations-specialists,en,/en/career/jobs/public-relations-specialists,,,200,200,0,false,200,200,0,false
public-relations-specialists,zh-CN,/zh/career/jobs/public-relations-specialists,,,200,200,0,false,200,200,0,false
sales-engineers,en,/en/career/jobs/sales-engineers,,,200,200,0,false,200,200,0,false
sales-engineers,zh-CN,/zh/career/jobs/sales-engineers,,,200,200,0,false,200,200,0,false
technical-writers,en,/en/career/jobs/technical-writers,,,200,200,0,false,200,200,0,false
technical-writers,zh-CN,/zh/career/jobs/technical-writers,,,200,200,0,false,200,200,0,false
training-and-development-managers,en,/en/career/jobs/training-and-development-managers,,,200,200,0,false,200,200,0,false
training-and-development-managers,zh-CN,/zh/career/jobs/training-and-development-managers,,,200,200,0,false,200,200,0,false
training-and-development-specialists,en,/en/career/jobs/training-and-development-specialists,,,200,200,0,false,200,200,0,false
training-and-development-specialists,zh-CN,/zh/career/jobs/training-and-development-specialists,,,200,200,0,false,200,200,0,false
web-developers,en,/en/career/jobs/web-developers,f639c622-1a90-4b6d-a67c-081f6de2f48f,,200,200,0,true,200,200,0,true
web-developers,zh-CN,/zh/career/jobs/web-developers,f639c622-1a90-4b6d-a67c-081f6de2f48f,,200,200,0,true,200,200,0,true
