window,start_date,end_date,canonical_path,locale,query_hash,query_display_masked,clicks,impressions,ctr,average_position,cluster,inclusion_status,exclusion_reason
28d,2026-07-27,2026-08-23,/zh/articles/mbti-basics,zh-CN,84c09bde3733a08daf15c924a0c0da0cc26d4c22619f4fd793778d658104e9b9,1*****格,0,4,0,31.5,mbti_model_overview_zh-CN,included,
28d,2026-07-27,2026-08-23,/zh/articles/mbti-basics,zh-CN,cb9a1d80625999ef6d8b345cb10ff53bc4875e505b0cbac7d45c035ac7c8411f,1****格,0,3,0,31.6667,mbti_model_overview_zh-CN,included,
28d,2026-07-27,2026-08-23,/zh/articles/mbti-basics,zh-CN,cc01d75f4838c104c58e2169b9e51e54b8cb02dca84f780404ae530c60dc4c61,1***格,0,6,0,23,mbti_model_overview_zh-CN,included,
28d,2026-07-27,2026-08-23,/zh/articles/mbti-basics,zh-CN,1037c2c2bfa89eb446a8710eee5164d1e6c3761d551a6db52845cef0581ae160,1*****试,0,1,0,10,mbti_test_zh-CN,included,
28d,2026-07-27,2026-08-23,/zh/articles/mbti-basics,zh-CN,cbe11ec9c6c8ae6d2753dfa41a18743df5e1eb16a4e7fab3e440950612cc83c0,j***人,0,1,0,2,,excluded,obvious_mismatch_or_unclassifiable
28d,2026-07-27,2026-08-23,/zh/articles/mbti-basics,zh-CN,db5f6b065c843396bbbc327a09b9f561bd440dd4745387cc06fe4d0942738d3a,m*****格,0,1,0,35,,excluded,obvious_mismatch_or_unclassifiable
28d,2026-07-27,2026-08-23,/zh/articles/mbti-basics,zh-CN,9cd1de305ba49cd1c5bd1e3d626ddd0eadabcc4316948e808782025b65cc36ee,m**i,0,1,0,37,mbti_model_overview_en,included,
28d,2026-07-27,2026-08-23,/zh/articles/mbti-basics,zh-CN,d6111bc7e22c41e8aaf5a13ff313ff9e5c675c7e67e09fbc527638265a73fb85,m**********格,0,2,0,41.5,mbti_model_overview_zh-CN,included,
28d,2026-07-27,2026-08-23,/zh/articles/mbti-basics,zh-CN,4adda7c63b0df09d8a90d1973a3f5b6dff5ad262747903932b8810573253db95,m************紹,0,2,0,37.5,mbti_model_overview_zh-CN,included,
28d,2026-07-27,2026-08-23,/zh/articles/mbti-basics,zh-CN,7237d6134a26fb3b1704eb6dc180345a72a90bf9a97c8c5e0cc5fcb28046e40d,m********格,0,12,0,20.9167,mbti_model_overview_zh-CN,included,
28d,2026-07-27,2026-08-23,/zh/articles/mbti-basics,zh-CN,564cce0442d265571ca7af24714877900d0496d1ea8f7bbdeccbd89d174ab532,m**********紹,0,1,0,44,mbti_model_overview_zh-CN,included,
28d,2026-07-27,2026-08-23,/zh/articles/mbti-basics,zh-CN,878699239f36e0854e991f0916bd3e5536817734aa99eb2d22f7fa067fa75e18,m************e,0,1,0,28,,excluded,long_tail_below_matrix_threshold
28d,2026-07-27,2026-08-23,/zh/articles/mbti-basics,zh-CN,bf12eac15ebc71bc7e1e7998944bb48b34129f93d4fd3a9784c4b690d53217eb,m*****文,0,6,0,57,mbti_model_overview_zh-CN,included,
28d,2026-07-27,2026-08-23,/zh/articles/mbti-basics,zh-CN,4bda104edea448d87b717ff8ca13e32e28ebe5d32c50ebf080a618f7dc61ead5,m****人,0,1,0,32,,excluded,long_tail_below_matrix_threshold
28d,2026-07-27,2026-08-23,/zh/articles/mbti-basics,zh-CN,f056cb3ff777fb504dea9cd1b8a44349ab04321c72907015ade60e0543286bc9,m*****格,0,15,0,39.3333,mbti_model_overview_zh-CN,included,
28d,2026-07-27,2026-08-23,/zh/articles/mbti-basics,zh-CN,6d327d90576e14add105ec6d72b244533dda0fc517fae73ef2fc9ebb94c75b9e,m********型,0,1,0,69,,excluded,long_tail_below_matrix_threshold
28d,2026-07-27,2026-08-23,/zh/articles/mbti-basics,zh-CN,32be3ea790b7ab867368d31f826515df00b312371a8168b60f898f1cbd9f4b22,m*****紹,0,1,0,76,,excluded,long_tail_below_matrix_threshold
28d,2026-07-27,2026-08-23,/zh/articles/mbti-basics,zh-CN,0a965b374cc9ac4bbb6fe9ac5b8200e99b3724d16e02882a245629fc9b18f885,m*****格,0,8,0,20.25,mbti_model_overview_zh-CN,included,
28d,2026-07-27,2026-08-23,/zh/articles/mbti-basics,zh-CN,06a658516071d984ac35a4907aa9f729fa5334431ca8d0484b9afa0ba5f67adc,m*****思,0,7,0,25.7143,mbti_model_overview_zh-CN,included,
28d,2026-07-27,2026-08-23,/zh/articles/mbti-basics,zh-CN,3fb6130a84b18109d320f747df46eea89d5cd8e8dfcb0e22524922e79aeb377f,m*******么,0,2,0,22,mbti_model_overview_zh-CN,included,
28d,2026-07-27,2026-08-23,/zh/articles/mbti-basics,zh-CN,5d5536b0b5debfb4b0c2bb8ca76155977b1ae71f0b6f0ca152f4397df6fa4e36,m*******麼,0,3,0,25.6667,mbti_model_overview_zh-CN,included,
28d,2026-07-27,2026-08-23,/zh/articles/mbti-basics,zh-CN,d9752aab319d7a1f392668a86b29e85e53765a49e348139a33551d440eaca4dc,m*****釋,0,2,0,56,,excluded,long_tail_below_matrix_threshold
28d,2026-07-27,2026-08-23,/zh/articles/mbti-basics,zh-CN,c6a333dd5cb5b42a430b12cdcb08681dec5b03738139f9736aff97dbfcebf711,m****文,0,12,0,59.5833,mbti_model_overview_zh-CN,included,
28d,2026-07-27,2026-08-23,/zh/articles/mbti-basics,zh-CN,946abbaafe77f8cd2bb8b8400fc935376954dfefc088ace6b65b6e3cbbe1e7c2,m****格,0,9,0,38.7778,mbti_model_overview_zh-CN,included,
28d,2026-07-27,2026-08-23,/zh/articles/mbti-basics,zh-CN,e2d7389ae8cf4a1f288a45ad8ac3c01772d2c9f88b18f2185aadf6e16b7bfdd7,m******思,0,1,0,12,mbti_definition_zh-CN,included,
28d,2026-07-27,2026-08-23,/zh/articles/mbti-basics,zh-CN,069a5bbe8ce9b89643ee500dbb92e3f26a7d0e5ace1a2fb84f5312f50dd44fd6,m****表,0,1,0,33,,excluded,long_tail_below_matrix_threshold
28d,2026-07-27,2026-08-23,/zh/articles/mbti-basics,zh-CN,1f6fda6b580f3a1fd0fb54fe06a62db39976cdafd3a7cbce4c7130731ba1eda0,m******么,0,2,0,10,mbti_model_overview_zh-CN,included,
28d,2026-07-27,2026-08-23,/zh/articles/mbti-basics,zh-CN,4eec7bb1b0d06d017765e87c702d32cd5d4b37d3649df01783ba5e6b63a62087,m******母,0,1,0,15,,excluded,long_tail_below_matrix_threshold
28d,2026-07-27,2026-08-23,/zh/articles/mbti-basics,zh-CN,3f7bb572812d76b74be44ebd781425aa6b150fcdde0670f348f2bb7a0077ff37,m**********么,0,1,0,9,,excluded,long_tail_below_matrix_threshold
28d,2026-07-27,2026-08-23,/zh/articles/mbti-basics,zh-CN,ed4a48098937ee50ba13e3d123c1abf6d23fdb68f510b32ca4c444caf3bb3432,m************么,0,4,0,2,mbti_model_overview_zh-CN,included,
28d,2026-07-27,2026-08-23,/zh/articles/mbti-basics,zh-CN,9c2e82b8fde1ce3dffc23dc2ef9e8920d14451e8e27e82147aa4a5dcc5505153,m****格,0,13,0,12.1538,mbti_model_overview_zh-CN,included,
28d,2026-07-27,2026-08-23,/zh/articles/mbti-basics,zh-CN,7521672b19fbf6ba7366aa6eea86ba2b5c725a1e8593387cf8770861b748f5cb,m****思,0,2,0,6,mbti_model_overview_zh-CN,included,
28d,2026-07-27,2026-08-23,/zh/articles/mbti-basics,zh-CN,9254107e9426ab75f7e2a5df7b67f4aefdab86fcb3ed1e634e598222df2ef8ed,m*****么,0,15,0,11.6,mbti_definition_zh-CN,included,
28d,2026-07-27,2026-08-23,/zh/articles/mbti-basics,zh-CN,352b44e8ae0a6fa97512478aa49c4a75eb5f0231fe98db2d92869ff277000dce,m*******思,0,1,0,1,mbti_definition_zh-CN,included,
28d,2026-07-27,2026-08-23,/zh/articles/mbti-basics,zh-CN,9e3c4e02ae7ffed04f4593412573e0b94bb75ef8cccb2c4848966e56aa6e4585,m********？,0,1,0,10,,excluded,long_tail_below_matrix_threshold
28d,2026-07-27,2026-08-23,/zh/articles/mbti-basics,zh-CN,efcca4cac601e7b29bc77630a508e6751acbec74fdaf227ef6bb53c826d44902,m*****麼,0,1,0,44,,excluded,long_tail_below_matrix_threshold
28d,2026-07-27,2026-08-23,/zh/articles/mbti-basics,zh-CN,2ec01a21884985b181b7783a088f1120172a2c9c559a16b6e6e5bff9c2694d80,m****啥,0,3,0,11.3333,mbti_model_overview_zh-CN,included,
28d,2026-07-27,2026-08-23,/zh/articles/mbti-basics,zh-CN,c119f3285f91fd26ed77a205768c6bbb10870e5f0abfdac1b4d120ddc709fe0a,m******法,0,1,0,7,,excluded,long_tail_below_matrix_threshold
28d,2026-07-27,2026-08-23,/zh/articles/mbti-basics,zh-CN,0100c90da4ab25ba4e87054374fb363f65ea629c352ad139638187e5df4a302c,m*******么,0,6,0,7.1667,mbti_test_zh-CN,included,
28d,2026-07-27,2026-08-23,/zh/articles/mbti-basics,zh-CN,fee2580baac2ca5162a494867d0e407e598e5d1833e332e402f32aaf3d761989,m*****义,0,1,0,11,mbti_definition_zh-CN,included,
28d,2026-07-27,2026-08-23,/zh/articles/mbti-basics,zh-CN,0ce83fdd38d4703eb76a504377eb31eb9902e8a04801f776f707f774d0a02df8,m*****思,0,1,0,1,,excluded,long_tail_below_matrix_threshold
28d,2026-07-27,2026-08-23,/zh/articles/mbti-basics,zh-CN,0d9120d6c09b07e6ab301e4243a02a9aad85511d63758c90531f39f338c1c50d,m*******法,0,3,0,8.3333,mbti_test_zh-CN,included,
28d,2026-07-27,2026-08-23,/zh/articles/mbti-basics,zh-CN,40d5686de767f6127d037076f729e4c4af051b32db4f6e747eb674063ea5caa4,m************联,0,1,0,10,mbti_model_overview_zh-CN,included,
28d,2026-07-27,2026-08-23,/zh/articles/mbti-basics,zh-CN,bb80f05e320d5a3fa6d98123140cb4d7e705fa22a7bc8e2f048a1d3ab7285eed,m****释,0,1,0,28,,excluded,long_tail_below_matrix_threshold
28d,2026-07-27,2026-08-23,/zh/articles/mbti-basics,zh-CN,c2816bbdd58fed8efd00064b8e41c4ebfdd3fe2115041ed2d0d18a45c876b20d,m****断,0,1,0,3,mbti_model_overview_zh-CN,included,
28d,2026-07-27,2026-08-23,/zh/articles/mbti-basics,zh-CN,a4aec0af89db72b6306952a65f002506b22f6bdc3b10c9623861feea22402d3f,m*******思,0,1,0,9,,excluded,obvious_mismatch_or_unclassifiable
28d,2026-07-27,2026-08-23,/zh/articles/mbti-basics,zh-CN,c6cd49e0e37c8f35bdab46716b660a6d6221817326f20866a2c0f2859e8fa5c8,s************m,0,2,0,57.5,brand_navigation_en,included,
28d,2026-07-27,2026-08-23,/zh/articles/mbti-basics,zh-CN,e929a6f87f676910bdcd36cdfe63c2960625551f9ccad4c5b15981c72a4b7249,人****i,0,1,0,34,,excluded,long_tail_below_matrix_threshold
28d,2026-07-27,2026-08-23,/zh/articles/mbti-basics,zh-CN,cbab2ad62270be85e1bb8982d59d9d099b00c119b4cf65ee4eacef7b1da9307c,十************构,0,4,0,9.5,generic_personality_test_zh-CN,included,
28d,2026-07-27,2026-08-23,/zh/articles/mbti-basics,zh-CN,7d5d91fd0fab3fa536d3183b0ed5c956f3b3108e106a070347c5d3443fac4977,测******格,0,1,0,11,generic_personality_test_zh-CN,included,
28d,2026-07-27,2026-08-23,/zh/articles/big-five-tool-guide,zh-CN,eb47a351770ed6f14bdb5e6177749b6e4eb54d460522527acdf0a1a9f8a4311e,大**格,3,26,0.11538462,10.0385,big_five_model_overview_zh-CN,included,
28d,2026-07-27,2026-08-23,/zh/articles/big-five-tool-guide,zh-CN,87db79291c2ca35d4c5a28a50873983324c15614f235e1dec0f68db50f9133eb,大****试,3,32,0.09375,9.2813,big_five_test_zh-CN,included,
28d,2026-07-27,2026-08-23,/zh/articles/big-five-tool-guide,zh-CN,633d124146ec184c4edc3d33539c52376463047eb5da0c5a3bf9b38a5c09b6aa,大***格,1,1,1,19,big_five_model_overview_zh-CN,included,
28d,2026-07-27,2026-08-23,/zh/articles/big-five-tool-guide,zh-CN,52d40db7200a3b2e90873b4315621add4c0631a5e4127ddf306c69bab414c941,2****试,0,2,0,2,generic_personality_test_zh-CN,included,
28d,2026-07-27,2026-08-23,/zh/articles/big-five-tool-guide,zh-CN,ddd17b46df012afb7def2e2fee89086fc355c91e59abb6fcc878afed1102eb5c,b*********文,0,1,0,32,,excluded,long_tail_below_matrix_threshold
28d,2026-07-27,2026-08-23,/zh/articles/big-five-tool-guide,zh-CN,fe34084a8741c69a3978c43700150f68de8468292a3afa40db1501dd00afcf86,b*********格,0,1,0,29,big_five_model_overview_zh-CN,included,
28d,2026-07-27,2026-08-23,/zh/articles/big-five-tool-guide,zh-CN,c7cbf8221be129564c87157820cf31058bd669abff927baac231a2964a183bbc,o********格,0,1,0,1,big_five_model_overview_zh-CN,included,
28d,2026-07-27,2026-08-23,/zh/articles/big-five-tool-guide,zh-CN,c6cd49e0e37c8f35bdab46716b660a6d6221817326f20866a2c0f2859e8fa5c8,s************m,0,1,0,148,brand_navigation_en,included,
28d,2026-07-27,2026-08-23,/zh/articles/big-five-tool-guide,zh-CN,7a346d8bd15bc496cb6b46a6757be9f34f026d3ee8db3834fdb55aeb93db8d52,ど*****？,0,1,0,2,,excluded,obvious_mismatch_or_unclassifiable
28d,2026-07-27,2026-08-23,/zh/articles/big-five-tool-guide,zh-CN,b66a1ed7c93bda6779dd3ca6dce22ec10a442ed73b482bb4fb2696d44d2727e6,大****格,0,3,0,19.3333,big_five_model_overview_zh-CN,included,
28d,2026-07-27,2026-08-23,/zh/articles/big-five-tool-guide,zh-CN,f0bda7ecdaaf95412921a4d795415e01eba3f5c2f4e2db7b545da114ed88780c,大**格,0,1,0,7,big_five_model_overview_zh-CN,included,
28d,2026-07-27,2026-08-23,/zh/articles/big-five-tool-guide,zh-CN,ffabe9af947ce63b963dbf5bb17b45fb3993b4d4209c20175965b26f881db69d,大*,0,1,0,7,big_five_model_overview_zh-CN,included,
28d,2026-07-27,2026-08-23,/zh/articles/big-five-tool-guide,zh-CN,944ae779049abd60d4ef8a28853786ba28353431e97b2954706a07caa6ad8583,大*****么,0,1,0,11,big_five_model_overview_zh-CN,included,
28d,2026-07-27,2026-08-23,/zh/articles/big-five-tool-guide,zh-CN,5eb4748a29cbf44090358f1f9c17337513b0e8cd90f1e429b1b4cf697386be73,大******费,0,6,0,9.6667,big_five_test_zh-CN,included,
28d,2026-07-27,2026-08-23,/zh/articles/big-five-tool-guide,zh-CN,3146d37e616418ff0d2756bf285af81dcbd4bf02001586b00e62e4824d57363e,大******网,0,2,0,10,big_five_test_zh-CN,included,
28d,2026-07-27,2026-08-23,/zh/articles/big-five-tool-guide,zh-CN,332f357acb439fc8fe15d9ad2af96249e9396c73ff8a7581af4e746f6d4fff70,大***格,0,2,0,9.5,big_five_model_overview_zh-CN,included,
28d,2026-07-27,2026-08-23,/zh/articles/big-five-tool-guide,zh-CN,30893639254236275fa7f53052e243108bca63f689f6b0e3d4ba534f6a54037e,数**格,0,1,0,20,,excluded,obvious_mismatch_or_unclassifiable
28d,2026-07-27,2026-08-23,/zh/articles/are-infj-men-rare-or-socially-silenced,zh-CN,e0bae7e4e3a1dd97c58e89b896f9f9a91d3fdc19d49fbaf201534b0060b05cbd,i****男,1,4,0.25,9.25,infj_men_visibility_zh-CN,included,
28d,2026-07-27,2026-08-23,/zh/articles/are-infj-men-rare-or-socially-silenced,zh-CN,781b0c2f49870b85ad3a8de6716ad15b94e4a8f0d11ecffb2050e0d37a684a5b,i****生,1,9,0.11111111,8.8889,infj_men_visibility_zh-CN,included,
28d,2026-07-27,2026-08-23,/zh/articles/are-infj-men-rare-or-socially-silenced,zh-CN,702b8885c5f08f62bc421e813cc8b6054fbf2ec3c3ecbc7fbc2098ef430895bf,i********少,0,11,0,10.3636,mbti_type_infj_zh-CN,included,
28d,2026-07-27,2026-08-23,/zh/articles/are-infj-men-rare-or-socially-silenced,zh-CN,cf22851f1504e3955cccda5d82fdac235799a035e15b801cb686053a89e33f6a,i********い,0,2,0,36.5,,excluded,long_tail_below_matrix_threshold
28d,2026-07-27,2026-08-23,/zh/articles/are-infj-men-rare-or-socially-silenced,zh-CN,2f1af33fc4fc4082804ae588a616cb72b9cf4feae2e80d35a36ceed1569093b5,i*****生,0,5,0,9,infj_men_visibility_zh-CN,included,
28d,2026-07-27,2026-08-23,/zh/articles/are-infj-men-rare-or-socially-silenced,zh-CN,abd2a47ea0fa215bf8567b08498fb058260a065824c972f5a262f57a5a03f148,i***男,0,13,0,8,infj_men_visibility_zh-CN,included,
28d,2026-07-27,2026-08-23,/zh/articles/are-infj-men-rare-or-socially-silenced,zh-CN,9ed87c0338fbb148ec8253d4af363195364e8fc6d6e5465f5bb58429615c9ded,i****性,0,2,0,8.5,infj_men_visibility_zh-CN,included,
28d,2026-07-27,2026-08-23,/zh/articles/holland-career-interest-test-can-and-cannot-tell-you,zh-CN,5b49d95303033de6bfe3f834e1b6fcda426a6ad916057818056053932bd3fb82,霍*******试,0,2,0,13.5,riasec_test_zh-CN,included,
28d,2026-07-27,2026-08-23,/zh/articles/riasec-holland-career-interest-test-explained,zh-CN,ec6570c1e5bb179a3da1f38a02d1428da4a68f677b29abe064540fcd183c2ca7,r****c,0,1,0,20,riasec_model_result_explainer_en,included,
28d,2026-07-27,2026-08-23,/zh/articles/riasec-holland-career-interest-test-explained,zh-CN,886fa00d20fd8ce069326cac4308dd19e60fe618610a34a994b38ef41e560555,r*******试,0,1,0,6,riasec_test_zh-CN,included,
28d,2026-07-27,2026-08-23,/zh/articles/riasec-holland-career-interest-test-explained,zh-CN,0c3ed43a3429b241dbde5fff3fe33832b9eee0f9cd360ba4d2e59b4eee30a7af,霍*德,0,1,0,11,riasec_model_result_explainer_zh-CN,included,
28d,2026-07-27,2026-08-23,/zh/articles/riasec-holland-career-interest-test-explained,zh-CN,0ade83186f2abbf4d241952ba829c7e8beb0c78c0e14e123f75a9330145f4e60,霍*****试,0,2,0,11.5,riasec_test_zh-CN,included,
28d,2026-07-27,2026-08-23,/zh/articles/iq-test-score-and-limits-explained,zh-CN,88c4d0afb0f08d35843f86fde0ce3aa832ea2f9cda5b5cfd98b7982deeb1bb17,i****嗎,0,1,0,11,,excluded,obvious_mismatch_or_unclassifiable
28d,2026-07-27,2026-08-23,/zh/articles/iq-test-score-and-limits-explained,zh-CN,a881fb00de4f830a4893f235a53571fb576bfdeb8b461d02e802d1804572cd49,智**数,0,1,0,8,,excluded,long_tail_below_matrix_threshold
28d,2026-07-27,2026-08-23,/zh/articles/iq-test-score-and-limits-explained,zh-CN,3bb5a4f7edb6f95c91d114ae8eb6e4e02df8bdc8ffe890b0fd537151d8852ba1,智****数,0,1,0,11,iq_result_limits_zh-CN,included,
28d,2026-07-27,2026-08-23,/zh/articles/iq-test-score-and-limits-explained,zh-CN,33a094b3750cf6cd860b5e9cd5821aecaab89c5a6817ce8f848ebe1da0dc0572,智****嗎,0,2,0,6,iq_result_limits_zh-CN,included,
28d,2026-07-27,2026-08-23,/zh/articles/which-love-script-fits-you-best,zh-CN,da7b43132cdd3355c188e7474b51bb8fff9f9d9aa92f44533554e3572fd49520,愛**型,0,1,0,18,,excluded,obvious_mismatch_or_unclassifiable
28d,2026-07-27,2026-08-23,/zh/articles/which-love-script-fits-you-best,zh-CN,0bee8a8e01bb2d0f299d55ec1a50163f0f55c81e8550246453bd3d7c0f0898b4,爱**角,0,1,0,11,,excluded,long_tail_below_matrix_threshold
28d,2026-07-27,2026-08-23,/zh/articles/which-love-script-fits-you-best,zh-CN,be0800c90d9ada9e678ac16b0b05a6f3b08ae4274ad5d198ac81342102d25d70,爱****论,0,3,0,9.6667,love_script_triangle_zh-CN,included,
28d,2026-07-27,2026-08-23,/zh/articles/unwanted-major-repeat-or-stay-riasec-decision-checklist,zh-CN,093ae455614e789f22a29a9227d07fb0f12b453644718d275139dbec5572860a,复*******用,0,1,0,7,unwanted_major_repeat_or_stay_zh-CN,included,
28d,2026-07-27,2026-08-23,/zh/articles/mbti-narrative-portrait,zh-CN,be8cfa3abd28a912e08dd3318e5fdc403446666f210014af0ac16228eec64929,m************？,0,10,0,4.9,mbti_test_zh-CN,included,
28d,2026-07-27,2026-08-23,/zh/articles/mbti-narrative-portrait,zh-CN,e551cbe5bc846ede78825d8c39beb3990569cc7d6cf4dbf280f13425d6714f8a,m****果,0,1,0,5,mbti_result_use_zh-CN,included,
28d,2026-07-27,2026-08-23,/zh/articles/mbti-narrative-portrait,zh-CN,c6cd49e0e37c8f35bdab46716b660a6d6221817326f20866a2c0f2859e8fa5c8,s************m,0,2,0,83.5,brand_navigation_en,included,
28d,2026-07-27,2026-08-23,/zh/articles/mbti-narrative-portrait,zh-CN,68827e068fcfec6c1dbd4f83648d9642791ded5918c813ffbd9e11f63b45aaa4,心*******看,0,1,0,10,,excluded,obvious_mismatch_or_unclassifiable
28d,2026-07-27,2026-08-23,/zh/articles/mbti-narrative-portrait,zh-CN,874574b3b5500ca804b05cd3493f68f920d5fc48007b7b4d018b2328da49bdae,心********b,0,2,0,5.5,,excluded,obvious_mismatch_or_unclassifiable
28d,2026-07-27,2026-08-23,/zh/articles/mbti-narrative-portrait,zh-CN,e88ce05f36656604dccda788242b7923354da3a6e55dee46fe2cc57722a4e660,心*********看,0,1,0,10,,excluded,obvious_mismatch_or_unclassifiable
28d,2026-07-27,2026-08-23,/zh/articles/enneagram-personality-test-explained,zh-CN,c52b926e0b5f36e65de24e77173299e84ef8946002b62ea9880fbda694b537b5,九****析,1,1,1,20,enneagram_model_explainer_zh-CN,included,
28d,2026-07-27,2026-08-23,/zh/articles/enneagram-personality-test-explained,zh-CN,2c2c3dd34ac07c5aa500059333ec004db5f59b49dfbffaec2bf54222fbb88f07,9*1,0,1,0,11,enneagram_type_9_wing_1_zh-CN,included,
28d,2026-07-27,2026-08-23,/zh/articles/enneagram-personality-test-explained,zh-CN,3e23e8160039594a33894f6564e1b1348bbd7a0088d42c4acb73eeaed59c009d,b*,0,1,0,2,,excluded,noise_or_malformed
28d,2026-07-27,2026-08-23,/zh/articles/enneagram-personality-test-explained,zh-CN,c6cd49e0e37c8f35bdab46716b660a6d6221817326f20866a2c0f2859e8fa5c8,s************m,0,1,0,122,brand_navigation_en,included,
28d,2026-07-27,2026-08-23,/zh/articles/enneagram-personality-test-explained,zh-CN,9f4d019404c87c1b04a6760b2875818f5073b5053884f0dfddc7f6e7e6f3ebd6,九****格,0,1,0,47,enneagram_model_explainer_zh-CN,included,
28d,2026-07-27,2026-08-23,/zh/articles/enneagram-personality-test-explained,zh-CN,9c7cfb49581c1d58dffd58152b6e68920bb0d636d2b3267365e1b672b61810be,九*******析,0,1,0,55,,excluded,long_tail_below_matrix_threshold
28d,2026-07-27,2026-08-23,/zh/articles/enneagram-personality-test-explained,zh-CN,8db493cfc38c601c6e429ab94285ee56ea77d29bf75d0974090deac246bbac14,九**格,0,4,0,5,enneagram_model_explainer_zh-CN,included,
28d,2026-07-27,2026-08-23,/zh/articles/enneagram-personality-test-explained,zh-CN,d3a3bb6f50cfe861d4243156682efc651c94ac37d1c86ab40a8fb4038a976d1a,九******業,0,1,0,7,,excluded,long_tail_below_matrix_threshold
28d,2026-07-27,2026-08-23,/zh/articles/enneagram-personality-test-explained,zh-CN,3edf849feb34c09425140b5b489de590950fe762f04491c063576d5de06fb62e,九***圖,0,1,0,4,,excluded,long_tail_below_matrix_threshold
28d,2026-07-27,2026-08-23,/zh/articles/enneagram-personality-test-explained,zh-CN,b4e50171616e0fbc81179dd6a14d0e478f4de159267c1ead2561fd438c905e25,九****试,0,3,0,26,enneagram_test_zh-CN,included,
28d,2026-07-27,2026-08-23,/zh/articles/enneagram-personality-test-explained,zh-CN,0d0880ced4502ad12dd643a27dd4a730835f98a0f820c08a5f4147c2da890cb1,九******析,0,2,0,9.5,,excluded,long_tail_below_matrix_threshold
28d,2026-07-27,2026-08-23,/zh/articles/enneagram-personality-test-explained,zh-CN,e1ac7c457f305eee472d49559fbf46f18d7ce17c3e2f81430e7c75ba7eb5d5d9,九******果,0,3,0,12,enneagram_model_explainer_zh-CN,included,
28d,2026-07-27,2026-08-23,/zh/articles/enneagram-personality-test-explained,zh-CN,3313789d4ec00443f887891e738d521c06ae6a29c7f527f16e815e270ae6cf2a,各**试,0,1,0,2,,excluded,obvious_mismatch_or_unclassifiable
28d,2026-07-27,2026-08-23,/zh/articles/enneagram-personality-test-explained,zh-CN,d177e89219750b88382b0f6eb34e4cb83ef047c41b29362424f384551f77a9cf,吗*,0,2,0,4,,excluded,obvious_mismatch_or_unclassifiable
28d,2026-07-27,2026-08-23,/zh/articles/eq-test-tool-guide,zh-CN,5a909615e2f1694e6adbf5e5a5d248f2150bb7a3f6888bacf2354c9dff3cfe71,e********文,0,2,0,11,,excluded,long_tail_below_matrix_threshold
28d,2026-07-27,2026-08-23,/zh/articles/eq-test-tool-guide,zh-CN,df3822b4e7259f83ad1e6212bee3d26c332e588a7b27953858ea283adabca395,情***試,0,1,0,15,,excluded,long_tail_below_matrix_threshold
28d,2026-07-27,2026-08-23,/zh/articles/eq-test-tool-guide,zh-CN,6f5b4b4d37a5fd871ec96b809275e994ed25d43d0793dde37464a37a31723dec,情**试,0,1,0,7,eq_test_zh-CN,included,
28d,2026-07-27,2026-08-23,/zh/articles/eq-test-tool-guide,zh-CN,bef0d0e3d7bb80d9a108aef91f48ce4a9d39cd2b29b05849b790649041bb1a30,情******准,0,1,0,10,,excluded,long_tail_below_matrix_threshold
28d,2026-07-27,2026-08-23,/en/articles/mbti-full-report-career-relationship-communication,en,676399fb4e6e756bb9c8ab6bc2038c6fcdfd9412e5a3e4128ec5813d71fee2d6,a*****b,0,1,0,10,,excluded,obvious_mismatch_or_unclassifiable
90d,2026-05-26,2026-08-23,/zh/articles/mbti-basics,zh-CN,3ac4582f424fa78e42302899c0d6cf8cf4e66f337f645dde9b881c396b777655,什*****i,1,1,1,16,mbti_model_overview_zh-CN,included,
90d,2026-05-26,2026-08-23,/zh/articles/mbti-basics,zh-CN,97950bb87c53cc608cfb1e14c3f18746bdf28a9b0c555f8d628ed0f23ebb4cd1,十*****试,1,1,1,9,generic_personality_test_zh-CN,included,
90d,2026-05-26,2026-08-23,/zh/articles/mbti-basics,zh-CN,4a246ecd724f40ccd7fc3e2f0c090c5e169a7941a6d9fa732210b5d9ae646f4c,1***格,0,4,0,25.25,mbti_model_overview_zh-CN,included,
90d,2026-05-26,2026-08-23,/zh/articles/mbti-basics,zh-CN,84c09bde3733a08daf15c924a0c0da0cc26d4c22619f4fd793778d658104e9b9,1*****格,0,18,0,31.9444,mbti_model_overview_zh-CN,included,
90d,2026-05-26,2026-08-23,/zh/articles/mbti-basics,zh-CN,cb9a1d80625999ef6d8b345cb10ff53bc4875e505b0cbac7d45c035ac7c8411f,1****格,0,5,0,30.6,mbti_model_overview_zh-CN,included,
90d,2026-05-26,2026-08-23,/zh/articles/mbti-basics,zh-CN,9886ff0d52899c57cd8169f353b083e8a5370b00576642e489609a3fc8dec153,1***格,0,1,0,17,,excluded,obvious_mismatch_or_unclassifiable
90d,2026-05-26,2026-08-23,/zh/articles/mbti-basics,zh-CN,552c22cca6cb9707a9ead169825cdd665084f9679e6272944325c2fac0271726,1**格,0,3,0,32.6667,mbti_model_overview_zh-CN,included,
90d,2026-05-26,2026-08-23,/zh/articles/mbti-basics,zh-CN,cc01d75f4838c104c58e2169b9e51e54b8cb02dca84f780404ae530c60dc4c61,1***格,0,17,0,23.7059,mbti_model_overview_zh-CN,included,
90d,2026-05-26,2026-08-23,/zh/articles/mbti-basics,zh-CN,1037c2c2bfa89eb446a8710eee5164d1e6c3761d551a6db52845cef0581ae160,1*****试,0,2,0,22.5,mbti_test_zh-CN,included,
90d,2026-05-26,2026-08-23,/zh/articles/mbti-basics,zh-CN,960600fb7d69b06164400374b85e853322cf639d55ee84135d937a7122b8385b,1*****试,0,1,0,17,generic_personality_test_zh-CN,included,
90d,2026-05-26,2026-08-23,/zh/articles/mbti-basics,zh-CN,b9be1966c17edc4e93eab7ae11ba9f949eb9db1145a4e29d3de9e98dc8717313,f********d,0,2,0,7.5,brand_navigation_en,included,
90d,2026-05-26,2026-08-23,/zh/articles/mbti-basics,zh-CN,706ecc1a3cc6cddb4818c7944c28bbc2576ff9b09d0b2d41559c979b8391a4ff,i*****思,0,1,0,3,,excluded,obvious_mismatch_or_unclassifiable
90d,2026-05-26,2026-08-23,/zh/articles/mbti-basics,zh-CN,cbe11ec9c6c8ae6d2753dfa41a18743df5e1eb16a4e7fab3e440950612cc83c0,j***人,0,1,0,2,,excluded,obvious_mismatch_or_unclassifiable
90d,2026-05-26,2026-08-23,/zh/articles/mbti-basics,zh-CN,db5f6b065c843396bbbc327a09b9f561bd440dd4745387cc06fe4d0942738d3a,m*****格,0,1,0,35,,excluded,obvious_mismatch_or_unclassifiable
90d,2026-05-26,2026-08-23,/zh/articles/mbti-basics,zh-CN,b578ccfccb639ff874d4943c308b55b33ce396568d2179c1ad486007df628ea7,m******试,0,1,0,5,,excluded,long_tail_below_matrix_threshold
90d,2026-05-26,2026-08-23,/zh/articles/mbti-basics,zh-CN,9cd1de305ba49cd1c5bd1e3d626ddd0eadabcc4316948e808782025b65cc36ee,m**i,0,2,0,23.5,mbti_model_overview_en,included,
90d,2026-05-26,2026-08-23,/zh/articles/mbti-basics,zh-CN,d6111bc7e22c41e8aaf5a13ff313ff9e5c675c7e67e09fbc527638265a73fb85,m**********格,0,4,0,35.25,mbti_model_overview_zh-CN,included,
90d,2026-05-26,2026-08-23,/zh/articles/mbti-basics,zh-CN,4adda7c63b0df09d8a90d1973a3f5b6dff5ad262747903932b8810573253db95,m************紹,0,8,0,48.125,mbti_model_overview_zh-CN,included,
90d,2026-05-26,2026-08-23,/zh/articles/mbti-basics,zh-CN,e00762159125c5e272c9be963ae1788f180ded1ccc1794c45dd395e759ca364c,m************驗,0,2,0,26.5,,excluded,long_tail_below_matrix_threshold
90d,2026-05-26,2026-08-23,/zh/articles/mbti-basics,zh-CN,7237d6134a26fb3b1704eb6dc180345a72a90bf9a97c8c5e0cc5fcb28046e40d,m********格,0,25,0,19.52,mbti_model_overview_zh-CN,included,
90d,2026-05-26,2026-08-23,/zh/articles/mbti-basics,zh-CN,564cce0442d265571ca7af24714877900d0496d1ea8f7bbdeccbd89d174ab532,m**********紹,0,5,0,43.2,mbti_model_overview_zh-CN,included,
90d,2026-05-26,2026-08-23,/zh/articles/mbti-basics,zh-CN,2b34c17a3fcdebe0aa208cb2c9a9b37e1595aa106614d762bd73c80172246a8c,m**********驗,0,6,0,32.1667,mbti_model_overview_zh-CN,included,
90d,2026-05-26,2026-08-23,/zh/articles/mbti-basics,zh-CN,878699239f36e0854e991f0916bd3e5536817734aa99eb2d22f7fa067fa75e18,m************e,0,1,0,28,,excluded,long_tail_below_matrix_threshold
90d,2026-05-26,2026-08-23,/zh/articles/mbti-basics,zh-CN,0c8c3aa98d1137d6a8806c736e21c1577056c726e4bdc757f2ce723c0ada7c18,m**********文,0,4,0,44.25,mbti_test_zh-CN,included,
90d,2026-05-26,2026-08-23,/zh/articles/mbti-basics,zh-CN,bf12eac15ebc71bc7e1e7998944bb48b34129f93d4fd3a9784c4b690d53217eb,m*****文,0,13,0,58.6923,mbti_model_overview_zh-CN,included,
90d,2026-05-26,2026-08-23,/zh/articles/mbti-basics,zh-CN,4bda104edea448d87b717ff8ca13e32e28ebe5d32c50ebf080a618f7dc61ead5,m****人,0,1,0,32,,excluded,long_tail_below_matrix_threshold
90d,2026-05-26,2026-08-23,/zh/articles/mbti-basics,zh-CN,f056cb3ff777fb504dea9cd1b8a44349ab04321c72907015ade60e0543286bc9,m*****格,0,35,0,37.8,mbti_model_overview_zh-CN,included,
90d,2026-05-26,2026-08-23,/zh/articles/mbti-basics,zh-CN,2bf902b4e8eedb6ee543f0211048d13176ed8fdf33002b2b02f4de60f5a28c53,m********驗,0,1,0,43,,excluded,long_tail_below_matrix_threshold
90d,2026-05-26,2026-08-23,/zh/articles/mbti-basics,zh-CN,6d327d90576e14add105ec6d72b244533dda0fc517fae73ef2fc9ebb94c75b9e,m********型,0,1,0,69,,excluded,long_tail_below_matrix_threshold
90d,2026-05-26,2026-08-23,/zh/articles/mbti-basics,zh-CN,32be3ea790b7ab867368d31f826515df00b312371a8168b60f898f1cbd9f4b22,m*****紹,0,1,0,76,,excluded,long_tail_below_matrix_threshold
90d,2026-05-26,2026-08-23,/zh/articles/mbti-basics,zh-CN,7c9633402c593ff181174eb9417677cbecb6098fc4c2fb33e02b424d5c5b2f9e,m************义,0,1,0,31,,excluded,long_tail_below_matrix_threshold
90d,2026-05-26,2026-08-23,/zh/articles/mbti-basics,zh-CN,0a965b374cc9ac4bbb6fe9ac5b8200e99b3724d16e02882a245629fc9b18f885,m*****格,0,11,0,19.0909,mbti_model_overview_zh-CN,included,
90d,2026-05-26,2026-08-23,/zh/articles/mbti-basics,zh-CN,679b9d4908f21f9377e8016fa132c30e452d566a826ac86245f5e824f8e2a70a,m********试,0,1,0,25,,excluded,long_tail_below_matrix_threshold
90d,2026-05-26,2026-08-23,/zh/articles/mbti-basics,zh-CN,06a658516071d984ac35a4907aa9f729fa5334431ca8d0484b9afa0ba5f67adc,m*****思,0,19,0,23.8947,mbti_model_overview_zh-CN,included,
90d,2026-05-26,2026-08-23,/zh/articles/mbti-basics,zh-CN,3fb6130a84b18109d320f747df46eea89d5cd8e8dfcb0e22524922e79aeb377f,m*******么,0,4,0,23.25,mbti_model_overview_zh-CN,included,
90d,2026-05-26,2026-08-23,/zh/articles/mbti-basics,zh-CN,5d5536b0b5debfb4b0c2bb8ca76155977b1ae71f0b6f0ca152f4397df6fa4e36,m*******麼,0,5,0,28,mbti_model_overview_zh-CN,included,
90d,2026-05-26,2026-08-23,/zh/articles/mbti-basics,zh-CN,1209d940405efbb0e9f3848eef4e75be5d928bdbd69f42fc30e965fee8b7bffc,m******么,0,7,0,15.7143,mbti_definition_zh-CN,included,
90d,2026-05-26,2026-08-23,/zh/articles/mbti-basics,zh-CN,085f74b7cb242873964031c394797372f90ce9d1d93696165734d748e5c11424,m*****啥,0,1,0,12,,excluded,long_tail_below_matrix_threshold
90d,2026-05-26,2026-08-23,/zh/articles/mbti-basics,zh-CN,a1227e3ba4448ba0780f6c2bf12fbea046fa1c87c2f369256ffe61845f8c7081,m*****试,0,2,0,19,mbti_test_zh-CN,included,
90d,2026-05-26,2026-08-23,/zh/articles/mbti-basics,zh-CN,b632c8f3afde3f4ef52e860128624ccf115658613b017c5bc659376bb956239a,m********文,0,1,0,48,,excluded,long_tail_below_matrix_threshold
90d,2026-05-26,2026-08-23,/zh/articles/mbti-basics,zh-CN,e30715b740a5cd2d196bf0ba5c1ed89ad06e1a53f70859cccf0899aeefb50fd7,m********文,0,1,0,48,,excluded,long_tail_below_matrix_threshold
90d,2026-05-26,2026-08-23,/zh/articles/mbti-basics,zh-CN,24accead6a4d7148996d6eb1477daff09f92d4d2d109cf5ee2ef418a8d451719,m*****j,0,1,0,81,,excluded,long_tail_below_matrix_threshold
90d,2026-05-26,2026-08-23,/zh/articles/mbti-basics,zh-CN,d9752aab319d7a1f392668a86b29e85e53765a49e348139a33551d440eaca4dc,m*****釋,0,2,0,56,,excluded,long_tail_below_matrix_threshold
90d,2026-05-26,2026-08-23,/zh/articles/mbti-basics,zh-CN,df5c49cd20beef89bcee37a207e1a5da72b6e7cfd71f6c95e239160a3680d640,m******格,0,1,0,10,,excluded,long_tail_below_matrix_threshold
90d,2026-05-26,2026-08-23,/zh/articles/mbti-basics,zh-CN,c6a333dd5cb5b42a430b12cdcb08681dec5b03738139f9736aff97dbfcebf711,m****文,0,26,0,50.4615,mbti_model_overview_zh-CN,included,
90d,2026-05-26,2026-08-23,/zh/articles/mbti-basics,zh-CN,946abbaafe77f8cd2bb8b8400fc935376954dfefc088ace6b65b6e3cbbe1e7c2,m****格,0,22,0,37.7273,mbti_model_overview_zh-CN,included,
90d,2026-05-26,2026-08-23,/zh/articles/mbti-basics,zh-CN,627d17e1be04b8db9ee1439063f69dd7f2914ad405ee66ea3af6284b864b99d2,m******试,0,1,0,54,mbti_test_zh-CN,included,
90d,2026-05-26,2026-08-23,/zh/articles/mbti-basics,zh-CN,855c37e4e5cfb726a411f3e11b13bc2b4d4bd4ead80d49d0c7ea8dd4527d9fdd,m********绍,0,1,0,10,,excluded,long_tail_below_matrix_threshold
90d,2026-05-26,2026-08-23,/zh/articles/mbti-basics,zh-CN,3957de9c15c89d025458e259c6e0a82b3e77c43eed1b29a9a72a887b26cb362f,m***********础,0,1,0,6,,excluded,long_tail_below_matrix_threshold
90d,2026-05-26,2026-08-23,/zh/articles/mbti-basics,zh-CN,e2d7389ae8cf4a1f288a45ad8ac3c01772d2c9f88b18f2185aadf6e16b7bfdd7,m******思,0,6,0,9.6667,mbti_definition_zh-CN,included,
90d,2026-05-26,2026-08-23,/zh/articles/mbti-basics,zh-CN,dbfeefa27934e62ec603e6319f35ec4079809e5b1e249e627411e46294a51106,m******思,0,1,0,1,,excluded,long_tail_below_matrix_threshold
90d,2026-05-26,2026-08-23,/zh/articles/mbti-basics,zh-CN,069a5bbe8ce9b89643ee500dbb92e3f26a7d0e5ace1a2fb84f5312f50dd44fd6,m****表,0,1,0,33,,excluded,long_tail_below_matrix_threshold
90d,2026-05-26,2026-08-23,/zh/articles/mbti-basics,zh-CN,1f6fda6b580f3a1fd0fb54fe06a62db39976cdafd3a7cbce4c7130731ba1eda0,m******么,0,4,0,13,mbti_model_overview_zh-CN,included,
90d,2026-05-26,2026-08-23,/zh/articles/mbti-basics,zh-CN,6d71f247f426c2a981ce4257f6e2717b106c31bf6c33de588a1bb67f7e3f32bd,m********么,0,1,0,3,,excluded,long_tail_below_matrix_threshold
90d,2026-05-26,2026-08-23,/zh/articles/mbti-basics,zh-CN,39694c377915390cd02a496457fa377d49939433c089d8bd0e4f9621be39ccb2,m****义,0,1,0,1,,excluded,long_tail_below_matrix_threshold
90d,2026-05-26,2026-08-23,/zh/articles/mbti-basics,zh-CN,4eec7bb1b0d06d017765e87c702d32cd5d4b37d3649df01783ba5e6b63a62087,m******母,0,1,0,15,,excluded,long_tail_below_matrix_threshold
90d,2026-05-26,2026-08-23,/zh/articles/mbti-basics,zh-CN,3f7bb572812d76b74be44ebd781425aa6b150fcdde0670f348f2bb7a0077ff37,m**********么,0,1,0,9,,excluded,long_tail_below_matrix_threshold
90d,2026-05-26,2026-08-23,/zh/articles/mbti-basics,zh-CN,ed4a48098937ee50ba13e3d123c1abf6d23fdb68f510b32ca4c444caf3bb3432,m************么,0,5,0,2,mbti_model_overview_zh-CN,included,
90d,2026-05-26,2026-08-23,/zh/articles/mbti-basics,zh-CN,2ed9d346f8aec69358c8cb7a29359e011bd2862d57d362891219b81d4d49056c,m****义,0,1,0,11,,excluded,long_tail_below_matrix_threshold
90d,2026-05-26,2026-08-23,/zh/articles/mbti-basics,zh-CN,9c2e82b8fde1ce3dffc23dc2ef9e8920d14451e8e27e82147aa4a5dcc5505153,m****格,0,19,0,11.7895,mbti_model_overview_zh-CN,included,
90d,2026-05-26,2026-08-23,/zh/articles/mbti-basics,zh-CN,f4c9a9ef5ed58e93f2743fceb185d796bd391af277bb2c612d41e634e775f928,m******试,0,5,0,10.2,mbti_test_zh-CN,included,
90d,2026-05-26,2026-08-23,/zh/articles/mbti-basics,zh-CN,f27c6d8dfb31e9627352fbf0bb5a4bc0f924fa33b9cc7f73a43d800e5b317e5f,m********绍,0,1,0,10,,excluded,long_tail_below_matrix_threshold
90d,2026-05-26,2026-08-23,/zh/articles/mbti-basics,zh-CN,7521672b19fbf6ba7366aa6eea86ba2b5c725a1e8593387cf8770861b748f5cb,m****思,0,9,0,4.3333,mbti_model_overview_zh-CN,included,
90d,2026-05-26,2026-08-23,/zh/articles/mbti-basics,zh-CN,9254107e9426ab75f7e2a5df7b67f4aefdab86fcb3ed1e634e598222df2ef8ed,m*****么,0,48,0,12.5833,mbti_definition_zh-CN,included,
90d,2026-05-26,2026-08-23,/zh/articles/mbti-basics,zh-CN,352b44e8ae0a6fa97512478aa49c4a75eb5f0231fe98db2d92869ff277000dce,m*******思,0,12,0,12.0833,mbti_definition_zh-CN,included,
90d,2026-05-26,2026-08-23,/zh/articles/mbti-basics,zh-CN,9e3c4e02ae7ffed04f4593412573e0b94bb75ef8cccb2c4848966e56aa6e4585,m********？,0,1,0,10,,excluded,long_tail_below_matrix_threshold
90d,2026-05-26,2026-08-23,/zh/articles/mbti-basics,zh-CN,812193533388dcd5df3c6b9913afe5c4aff62ba42452f93c9a307f36a6fb5902,m******？,0,1,0,1,,excluded,long_tail_below_matrix_threshold
90d,2026-05-26,2026-08-23,/zh/articles/mbti-basics,zh-CN,efcca4cac601e7b29bc77630a508e6751acbec74fdaf227ef6bb53c826d44902,m*****麼,0,2,0,27,,excluded,long_tail_below_matrix_threshold
90d,2026-05-26,2026-08-23,/zh/articles/mbti-basics,zh-CN,2ec01a21884985b181b7783a088f1120172a2c9c559a16b6e6e5bff9c2694d80,m****啥,0,6,0,11.6667,mbti_model_overview_zh-CN,included,
90d,2026-05-26,2026-08-23,/zh/articles/mbti-basics,zh-CN,1f913079dac7d8f77d697931ee6300e1c2bab74bd62b41e7ff08f1d0130d368a,m****试,0,9,0,12.2222,mbti_test_zh-CN,included,
90d,2026-05-26,2026-08-23,/zh/articles/mbti-basics,zh-CN,b969d2ecc0e9635c50fca1b184b835cf27a0d559da50b38b976e3d0004b1bc90,m******具,0,1,0,9,,excluded,long_tail_below_matrix_threshold
90d,2026-05-26,2026-08-23,/zh/articles/mbti-basics,zh-CN,c119f3285f91fd26ed77a205768c6bbb10870e5f0abfdac1b4d120ddc709fe0a,m******法,0,2,0,7.5,,excluded,long_tail_below_matrix_threshold
90d,2026-05-26,2026-08-23,/zh/articles/mbti-basics,zh-CN,0100c90da4ab25ba4e87054374fb363f65ea629c352ad139638187e5df4a302c,m*******么,0,27,0,8.037,mbti_test_zh-CN,included,
90d,2026-05-26,2026-08-23,/zh/articles/mbti-basics,zh-CN,2346f76bad3ae7be9dfa19fb27644841813ba52fb54e1246dabd45a7e73436f8,m******文,0,7,0,48.5714,mbti_model_overview_zh-CN,included,
90d,2026-05-26,2026-08-23,/zh/articles/mbti-basics,zh-CN,fee2580baac2ca5162a494867d0e407e598e5d1833e332e402f32aaf3d761989,m*****义,0,11,0,10.9091,mbti_definition_zh-CN,included,
90d,2026-05-26,2026-08-23,/zh/articles/mbti-basics,zh-CN,0ce83fdd38d4703eb76a504377eb31eb9902e8a04801f776f707f774d0a02df8,m*****思,0,1,0,1,,excluded,long_tail_below_matrix_threshold
90d,2026-05-26,2026-08-23,/zh/articles/mbti-basics,zh-CN,0d9120d6c09b07e6ab301e4243a02a9aad85511d63758c90531f39f338c1c50d,m*******法,0,7,0,8.7143,mbti_test_zh-CN,included,
90d,2026-05-26,2026-08-23,/zh/articles/mbti-basics,zh-CN,40d5686de767f6127d037076f729e4c4af051b32db4f6e747eb674063ea5caa4,m************联,0,4,0,7.25,mbti_model_overview_zh-CN,included,
90d,2026-05-26,2026-08-23,/zh/articles/mbti-basics,zh-CN,bb80f05e320d5a3fa6d98123140cb4d7e705fa22a7bc8e2f048a1d3ab7285eed,m****释,0,2,0,14.5,,excluded,long_tail_below_matrix_threshold
90d,2026-05-26,2026-08-23,/zh/articles/mbti-basics,zh-CN,fd6047509b6c1d2d1296bde427c854144aedea56de52fe49bb42791a05892d4d,m****座,0,1,0,9,,excluded,long_tail_below_matrix_threshold
90d,2026-05-26,2026-08-23,/zh/articles/mbti-basics,zh-CN,c2816bbdd58fed8efd00064b8e41c4ebfdd3fe2115041ed2d0d18a45c876b20d,m****断,0,3,0,3.3333,mbti_model_overview_zh-CN,included,
90d,2026-05-26,2026-08-23,/zh/articles/mbti-basics,zh-CN,a4aec0af89db72b6306952a65f002506b22f6bdc3b10c9623861feea22402d3f,m*******思,0,1,0,9,,excluded,obvious_mismatch_or_unclassifiable
90d,2026-05-26,2026-08-23,/zh/articles/mbti-basics,zh-CN,8227ed013b54a0902db99c3fcd0552cde3b97e846b8a5beb16e6fa0097fa643f,m*****义,0,1,0,8,,excluded,obvious_mismatch_or_unclassifiable
90d,2026-05-26,2026-08-23,/zh/articles/mbti-basics,zh-CN,c6cd49e0e37c8f35bdab46716b660a6d6221817326f20866a2c0f2859e8fa5c8,s************m,0,7,0,25,brand_navigation_en,included,
90d,2026-05-26,2026-08-23,/zh/articles/mbti-basics,zh-CN,e929a6f87f676910bdcd36cdfe63c2960625551f9ccad4c5b15981c72a4b7249,人****i,0,1,0,34,,excluded,long_tail_below_matrix_threshold
90d,2026-05-26,2026-08-23,/zh/articles/mbti-basics,zh-CN,fe139221f61bcad5d45b78d10defd1b68acadc7122f57891399d52df6eab28c2,人******i,0,3,0,10.3333,mbti_test_zh-CN,included,
90d,2026-05-26,2026-08-23,/zh/articles/mbti-basics,zh-CN,b649ee23d9d94aec496feb88a8929abe858b1378660581314260ec1d7a47fe2e,什*******格,0,1,0,12,,excluded,long_tail_below_matrix_threshold
90d,2026-05-26,2026-08-23,/zh/articles/mbti-basics,zh-CN,29587c1a190eb7565eadad242b986700b02bec5d29789604c73a04cda263d5d8,内******别,0,1,0,23,,excluded,obvious_mismatch_or_unclassifiable
90d,2026-05-26,2026-08-23,/zh/articles/mbti-basics,zh-CN,cbab2ad62270be85e1bb8982d59d9d099b00c119b4cf65ee4eacef7b1da9307c,十************构,0,6,0,9,generic_personality_test_zh-CN,included,
90d,2026-05-26,2026-08-23,/zh/articles/mbti-basics,zh-CN,682141724bbaaf10762d3c1a03d0aa60aa377cdab32804080cfc029550d2e55c,如********试,0,1,0,10,,excluded,long_tail_below_matrix_threshold
90d,2026-05-26,2026-08-23,/zh/articles/mbti-basics,zh-CN,5c804cb2ed8205a52e3e69b4ac0b11c3ec78fea2e437e57deaedf40e0153fd32,性******i,0,7,0,9.7143,mbti_test_zh-CN,included,
90d,2026-05-26,2026-08-23,/zh/articles/mbti-basics,zh-CN,9b6b6ce859ddcb2d3e82d27b6d596757cb11cf7e2b3fee279db461278ce3d761,性****法,0,2,0,6.5,,excluded,long_tail_below_matrix_threshold
90d,2026-05-26,2026-08-23,/zh/articles/mbti-basics,zh-CN,7d5d91fd0fab3fa536d3183b0ed5c956f3b3108e106a070347c5d3443fac4977,测******格,0,14,0,9.2143,generic_personality_test_zh-CN,included,
90d,2026-05-26,2026-08-23,/zh/articles/big-five-tool-guide,zh-CN,eb47a351770ed6f14bdb5e6177749b6e4eb54d460522527acdf0a1a9f8a4311e,大**格,4,129,0.03100775,9.2403,big_five_model_overview_zh-CN,included,
90d,2026-05-26,2026-08-23,/zh/articles/big-five-tool-guide,zh-CN,87db79291c2ca35d4c5a28a50873983324c15614f235e1dec0f68db50f9133eb,大****试,3,41,0.07317073,10.5122,big_five_test_zh-CN,included,
90d,2026-05-26,2026-08-23,/zh/articles/big-five-tool-guide,zh-CN,633d124146ec184c4edc3d33539c52376463047eb5da0c5a3bf9b38a5c09b6aa,大***格,1,5,0.2,10,big_five_model_overview_zh-CN,included,
90d,2026-05-26,2026-08-23,/zh/articles/big-five-tool-guide,zh-CN,52d40db7200a3b2e90873b4315621add4c0631a5e4127ddf306c69bab414c941,2****试,0,2,0,2,generic_personality_test_zh-CN,included,
90d,2026-05-26,2026-08-23,/zh/articles/big-five-tool-guide,zh-CN,1b38a2dca805b11d4552b0eb7e8ef362772480c314ab6e6ab92cdb46fc9a1766,b************n,0,1,0,10,,excluded,long_tail_below_matrix_threshold
90d,2026-05-26,2026-08-23,/zh/articles/big-five-tool-guide,zh-CN,9fbcb8f761eeb127435d6fd3f83536e47e41e4f8ae1d496469970acfecd477de,b************n,0,3,0,10.3333,big_five_model_overview_en,included,
90d,2026-05-26,2026-08-23,/zh/articles/big-five-tool-guide,zh-CN,76ee16b8c6131e72bb53b3832772de96bddda162fe8072b23c2097984a485814,b************文,0,1,0,9,,excluded,long_tail_below_matrix_threshold
90d,2026-05-26,2026-08-23,/zh/articles/big-five-tool-guide,zh-CN,ddd17b46df012afb7def2e2fee89086fc355c91e59abb6fcc878afed1102eb5c,b*********文,0,1,0,32,,excluded,long_tail_below_matrix_threshold
90d,2026-05-26,2026-08-23,/zh/articles/big-five-tool-guide,zh-CN,e80c97748cad142ff61b78a89aaff55b4f371bc9b26bd62eda393a499f651d98,b***********格,0,1,0,12,,excluded,long_tail_below_matrix_threshold
90d,2026-05-26,2026-08-23,/zh/articles/big-five-tool-guide,zh-CN,fe34084a8741c69a3978c43700150f68de8468292a3afa40db1501dd00afcf86,b*********格,0,4,0,15.25,big_five_model_overview_zh-CN,included,
90d,2026-05-26,2026-08-23,/zh/articles/big-five-tool-guide,zh-CN,bc655250dadcf3ecf301d60d37cf04236f955a2df520eb7420c9eb21deed52ff,b*********试,0,1,0,10,big_five_test_zh-CN,included,
90d,2026-05-26,2026-08-23,/zh/articles/big-five-tool-guide,zh-CN,f8c7330c452a71bd0be1b32eb10c79e1a6027046659779cf1a82e44dce2ade32,b*********麼,0,1,0,10,,excluded,long_tail_below_matrix_threshold
90d,2026-05-26,2026-08-23,/zh/articles/big-five-tool-guide,zh-CN,f7db8e7da18790ada74cedba6f895a184755f4a526b285361cce44ecdf1e6734,m********n,0,3,0,5.6667,mbti_model_overview_en,included,
90d,2026-05-26,2026-08-23,/zh/articles/big-five-tool-guide,zh-CN,5a8fdd4fd0fb516907168ab9b78db59ebde2ed7c587dd5f10866db003e21030f,m*******格,0,1,0,10,,excluded,long_tail_below_matrix_threshold
90d,2026-05-26,2026-08-23,/zh/articles/big-five-tool-guide,zh-CN,69e043abbd96de95e15337922bbd2892804630f2de69312ddc11b7fb0ed418c0,m*****試,0,1,0,6,mbti_model_overview_zh-CN,included,
90d,2026-05-26,2026-08-23,/zh/articles/big-five-tool-guide,zh-CN,01487dfbec8e938074a4fa32bce7459caf135b190a3af3f820da8eefc30a472c,o********i,0,2,0,6,,excluded,long_tail_below_matrix_threshold
90d,2026-05-26,2026-08-23,/zh/articles/big-five-tool-guide,zh-CN,c7cbf8221be129564c87157820cf31058bd669abff927baac231a2964a183bbc,o********格,0,15,0,6.5333,big_five_model_overview_zh-CN,included,
90d,2026-05-26,2026-08-23,/zh/articles/big-five-tool-guide,zh-CN,44da519a18bb5ac5c0bf9ad18452c874fd7b8ec85a3097fb5fc7fb59f45cacee,o*******格,0,5,0,8.2,big_five_model_overview_zh-CN,included,
90d,2026-05-26,2026-08-23,/zh/articles/big-five-tool-guide,zh-CN,3c85e15765dff47c7ab9e626a1eae649947ee038fa23f855589aa80a9ec62fd3,o*****格,0,2,0,9.5,,excluded,long_tail_below_matrix_threshold
90d,2026-05-26,2026-08-23,/zh/articles/big-five-tool-guide,zh-CN,c6cd49e0e37c8f35bdab46716b660a6d6221817326f20866a2c0f2859e8fa5c8,s************m,0,1,0,148,brand_navigation_en,included,
90d,2026-05-26,2026-08-23,/zh/articles/big-five-tool-guide,zh-CN,7a346d8bd15bc496cb6b46a6757be9f34f026d3ee8db3834fdb55aeb93db8d52,ど*****？,0,1,0,2,,excluded,obvious_mismatch_or_unclassifiable
90d,2026-05-26,2026-08-23,/zh/articles/big-five-tool-guide,zh-CN,14e67f1e5e236f1c07dfc201ec63497c25a35e0c848a2c5bdb35a79b245e9b38,五****试,0,13,0,6.8462,big_five_test_zh-CN,included,
90d,2026-05-26,2026-08-23,/zh/articles/big-five-tool-guide,zh-CN,9ab368e7af4bf071ffcea11f5ffb786722ea8f18184d9b3c8b53370662528846,五******釋,0,1,0,12,,excluded,long_tail_below_matrix_threshold
90d,2026-05-26,2026-08-23,/zh/articles/big-five-tool-guide,zh-CN,9d1eb72c470edaed6c46f9f7e8f19adb938d1a7d6e5e9eac7449edc011baa37f,五****质,0,1,0,11,,excluded,long_tail_below_matrix_threshold
90d,2026-05-26,2026-08-23,/zh/articles/big-five-tool-guide,zh-CN,a096501d2aeb32ef65ce09a6b139602bb11f92f28015c6905ec439a48e3de517,五****质,0,1,0,8,,excluded,long_tail_below_matrix_threshold
90d,2026-05-26,2026-08-23,/zh/articles/big-five-tool-guide,zh-CN,acb06b4de3d4b420e9eaef4bb00b3afe3dec7b6d0710b1d8393b710fc1758d31,五**質,0,1,0,8,,excluded,obvious_mismatch_or_unclassifiable
90d,2026-05-26,2026-08-23,/zh/articles/big-five-tool-guide,zh-CN,b567fa95b7441f7d428abf032917d7e1816d3fc8da4bb35fbe2297538fbf1597,人**类,0,1,0,4,,excluded,obvious_mismatch_or_unclassifiable
90d,2026-05-26,2026-08-23,/zh/articles/big-five-tool-guide,zh-CN,b66a1ed7c93bda6779dd3ca6dce22ec10a442ed73b482bb4fb2696d44d2727e6,大****格,0,3,0,19.3333,big_five_model_overview_zh-CN,included,
90d,2026-05-26,2026-08-23,/zh/articles/big-five-tool-guide,zh-CN,b714fc3c0ce7fef08d6f3ac093634d0b8731dab177b6162440cb9f5a4ca25202,大*,0,5,0,9,big_five_model_overview_zh-CN,included,
90d,2026-05-26,2026-08-23,/zh/articles/big-five-tool-guide,zh-CN,f0bda7ecdaaf95412921a4d795415e01eba3f5c2f4e2db7b545da114ed88780c,大**格,0,4,0,9.25,big_five_model_overview_zh-CN,included,
90d,2026-05-26,2026-08-23,/zh/articles/big-five-tool-guide,zh-CN,ffabe9af947ce63b963dbf5bb17b45fb3993b4d4209c20175965b26f881db69d,大*,0,9,0,6.8889,big_five_model_overview_zh-CN,included,
90d,2026-05-26,2026-08-23,/zh/articles/big-five-tool-guide,zh-CN,b284eab27045de8d1ef2c4174b1d6ca68b5740f153c12a0d223103eaf7aae6c2,大*******i,0,1,0,6,,excluded,long_tail_below_matrix_threshold
90d,2026-05-26,2026-08-23,/zh/articles/big-five-tool-guide,zh-CN,944ae779049abd60d4ef8a28853786ba28353431e97b2954706a07caa6ad8583,大*****么,0,9,0,6.5556,big_five_model_overview_zh-CN,included,
90d,2026-05-26,2026-08-23,/zh/articles/big-five-tool-guide,zh-CN,5eb4748a29cbf44090358f1f9c17337513b0e8cd90f1e429b1b4cf697386be73,大******费,0,6,0,9.6667,big_five_test_zh-CN,included,
90d,2026-05-26,2026-08-23,/zh/articles/big-five-tool-guide,zh-CN,3146d37e616418ff0d2756bf285af81dcbd4bf02001586b00e62e4824d57363e,大******网,0,2,0,10,big_five_test_zh-CN,included,
90d,2026-05-26,2026-08-23,/zh/articles/big-five-tool-guide,zh-CN,a8290db1838fb90ccb37dba37698c956f788b5d4115f1aeb033f5f2041388445,大****質,0,1,0,11,,excluded,long_tail_below_matrix_threshold
90d,2026-05-26,2026-08-23,/zh/articles/big-five-tool-guide,zh-CN,ee79d7b1bdaa82a9240135c260f961150c220024e555dd2f157eb0e2cf59996c,大****质,0,1,0,9,,excluded,long_tail_below_matrix_threshold
90d,2026-05-26,2026-08-23,/zh/articles/big-five-tool-guide,zh-CN,348716873c424f67343e42e671e6c164d05181d157e14df4a2cab5382a2c5e12,大********点,0,1,0,9,,excluded,long_tail_below_matrix_threshold
90d,2026-05-26,2026-08-23,/zh/articles/big-five-tool-guide,zh-CN,332f357acb439fc8fe15d9ad2af96249e9396c73ff8a7581af4e746f6d4fff70,大***格,0,5,0,9.4,big_five_model_overview_zh-CN,included,
90d,2026-05-26,2026-08-23,/zh/articles/big-five-tool-guide,zh-CN,47c0415269b572e85c8688a746c5fd822e040976cc6b8cc26abe0fc8c30f2fda,提************出,0,1,0,1,,excluded,obvious_mismatch_or_unclassifiable
90d,2026-05-26,2026-08-23,/zh/articles/big-five-tool-guide,zh-CN,30893639254236275fa7f53052e243108bca63f689f6b0e3d4ba534f6a54037e,数**格,0,1,0,20,,excluded,obvious_mismatch_or_unclassifiable
90d,2026-05-26,2026-08-23,/zh/articles/big-five-tool-guide,zh-CN,4c39d54eb2108f13915e842b763a37a8a56ee9afc0a20cf2fafc975a8aceb83c,第*********断,0,1,0,11,,excluded,long_tail_below_matrix_threshold
90d,2026-05-26,2026-08-23,/zh/articles/are-infj-men-rare-or-socially-silenced,zh-CN,781b0c2f49870b85ad3a8de6716ad15b94e4a8f0d11ecffb2050e0d37a684a5b,i****生,2,18,0.11111111,9.1111,infj_men_visibility_zh-CN,included,
90d,2026-05-26,2026-08-23,/zh/articles/are-infj-men-rare-or-socially-silenced,zh-CN,e0bae7e4e3a1dd97c58e89b896f9f9a91d3fdc19d49fbaf201534b0060b05cbd,i****男,1,8,0.125,8.5,infj_men_visibility_zh-CN,included,
90d,2026-05-26,2026-08-23,/zh/articles/are-infj-men-rare-or-socially-silenced,zh-CN,2f1af33fc4fc4082804ae588a616cb72b9cf4feae2e80d35a36ceed1569093b5,i*****生,1,13,0.07692308,8.5385,infj_men_visibility_zh-CN,included,
90d,2026-05-26,2026-08-23,/zh/articles/are-infj-men-rare-or-socially-silenced,zh-CN,702b8885c5f08f62bc421e813cc8b6054fbf2ec3c3ecbc7fbc2098ef430895bf,i********少,0,11,0,10.3636,mbti_type_infj_zh-CN,included,
90d,2026-05-26,2026-08-23,/zh/articles/are-infj-men-rare-or-socially-silenced,zh-CN,cf22851f1504e3955cccda5d82fdac235799a035e15b801cb686053a89e33f6a,i********い,0,2,0,36.5,,excluded,long_tail_below_matrix_threshold
90d,2026-05-26,2026-08-23,/zh/articles/are-infj-men-rare-or-socially-silenced,zh-CN,d060e9cdb8560ab45981633453a9370471c7f41530bc9fcd71b8505fc2024063,i*****性,0,5,0,6.2,infj_men_visibility_zh-CN,included,
90d,2026-05-26,2026-08-23,/zh/articles/are-infj-men-rare-or-socially-silenced,zh-CN,abd2a47ea0fa215bf8567b08498fb058260a065824c972f5a262f57a5a03f148,i***男,0,17,0,8.3529,infj_men_visibility_zh-CN,included,
90d,2026-05-26,2026-08-23,/zh/articles/are-infj-men-rare-or-socially-silenced,zh-CN,9ed87c0338fbb148ec8253d4af363195364e8fc6d6e5465f5bb58429615c9ded,i****性,0,3,0,7.3333,infj_men_visibility_zh-CN,included,
90d,2026-05-26,2026-08-23,/zh/articles/are-infj-men-rare-or-socially-silenced,zh-CN,79b97195d9aca4037253cbe6ef2a983ee70fb25dd151703f7b970b55905297c9,高***生,0,1,0,7,,excluded,obvious_mismatch_or_unclassifiable
90d,2026-05-26,2026-08-23,/zh/articles/gaokao-major-adjustment-unacceptable-major-checklist,zh-CN,d8015e5c6641801ad648f9438f1eab8070d0e0d7d194233eea48a6cf3d39f3f3,一********从,0,6,0,12,gaokao_major_adjustment_zh-CN,included,
90d,2026-05-26,2026-08-23,/zh/articles/gaokao-major-adjustment-unacceptable-major-checklist,zh-CN,1c6ba0cbb8a3e290290f90e4b48314a308ecdc99ecb1ff8dad981b28157ccddc,保*******学,0,1,0,9,,excluded,long_tail_below_matrix_threshold
90d,2026-05-26,2026-08-23,/zh/articles/gaokao-major-adjustment-unacceptable-major-checklist,zh-CN,8bbda6106098eaf334a2316309481ce340bcbd0f1c1c1228cb565dea6768df84,服**剂,0,5,0,10.4,gaokao_major_adjustment_zh-CN,included,
90d,2026-05-26,2026-08-23,/zh/articles/holland-career-interest-test-can-and-cannot-tell-you,zh-CN,5b49d95303033de6bfe3f834e1b6fcda426a6ad916057818056053932bd3fb82,霍*******试,0,4,0,11.25,riasec_test_zh-CN,included,
90d,2026-05-26,2026-08-23,/zh/articles/riasec-holland-career-interest-test-explained,zh-CN,f5b2dbe5c177914c3f98abdfa690579361c68321580033ca3b980a9305f0943d,"""*********兰",0,4,0,8,riasec_model_result_explainer_zh-CN,included,
90d,2026-05-26,2026-08-23,/zh/articles/riasec-holland-career-interest-test-explained,zh-CN,d7ea91e53891fed66f0ebf0066e05fb5439a2242300a00cb7b7aefbaca30ef64,l********义,0,1,0,8,,excluded,obvious_mismatch_or_unclassifiable
90d,2026-05-26,2026-08-23,/zh/articles/riasec-holland-career-interest-test-explained,zh-CN,230d8a00975a4f8dee53b1b9925213b61e39c23f4623221e3565fc96f666d6b8,r************业,0,2,0,10,,excluded,obvious_mismatch_or_unclassifiable
90d,2026-05-26,2026-08-23,/zh/articles/riasec-holland-career-interest-test-explained,zh-CN,fe78091ae686d53c0436ba7ab494449799c4eb41a1bf34c168caf7d19fa35f44,r***********业,0,2,0,6.5,,excluded,obvious_mismatch_or_unclassifiable
90d,2026-05-26,2026-08-23,/zh/articles/riasec-holland-career-interest-test-explained,zh-CN,ec6570c1e5bb179a3da1f38a02d1428da4a68f677b29abe064540fcd183c2ca7,r****c,0,6,0,22.6667,riasec_model_result_explainer_en,included,
90d,2026-05-26,2026-08-23,/zh/articles/riasec-holland-career-interest-test-explained,zh-CN,cc70996d1f24416b3d1388081dc5124fb659d071d1574ff3c782516af0f3b554,r************文,0,1,0,6,,excluded,long_tail_below_matrix_threshold
90d,2026-05-26,2026-08-23,/zh/articles/riasec-holland-career-interest-test-explained,zh-CN,e39f2d04e4a97a9e625f917e79ac7284681c257dcd1c6cd0a2dec5f7650bbe70,r*******文,0,1,0,9,,excluded,long_tail_below_matrix_threshold
90d,2026-05-26,2026-08-23,/zh/articles/riasec-holland-career-interest-test-explained,zh-CN,2a84f166dd0e353e4f6b9d84b09772f612aceacacadc4c51ca1e66796b940622,r*******析,0,3,0,5.6667,riasec_model_result_explainer_zh-CN,included,
90d,2026-05-26,2026-08-23,/zh/articles/riasec-holland-career-interest-test-explained,zh-CN,886fa00d20fd8ce069326cac4308dd19e60fe618610a34a994b38ef41e560555,r*******试,0,1,0,6,riasec_test_zh-CN,included,
90d,2026-05-26,2026-08-23,/zh/articles/riasec-holland-career-interest-test-explained,zh-CN,eb6156ee849a8a515614664f256a1cfedef01caabef6075db778ddee0423584e,r*******驗,0,1,0,55,riasec_model_result_explainer_zh-CN,included,
90d,2026-05-26,2026-08-23,/zh/articles/riasec-holland-career-interest-test-explained,zh-CN,c6cd49e0e37c8f35bdab46716b660a6d6221817326f20866a2c0f2859e8fa5c8,s************m,0,2,0,21.5,brand_navigation_en,included,
90d,2026-05-26,2026-08-23,/zh/articles/riasec-holland-career-interest-test-explained,zh-CN,ac4a7f27b0f5c2963be3ca5450dcabe3f4a9b3ab97fdaf0f6ff745fe4986b88b,u************业,0,87,0,9.5977,,excluded,obvious_mismatch
90d,2026-05-26,2026-08-23,/zh/articles/riasec-holland-career-interest-test-explained,zh-CN,0b18a7c42f1fab910c848ea43872292aa6621e176dc15f34b81ba6a753c8ab80,倾**试,0,1,0,14,,excluded,obvious_mismatch_or_unclassifiable
90d,2026-05-26,2026-08-23,/zh/articles/riasec-holland-career-interest-test-explained,zh-CN,e19565171439fca6241b24889860395164809c449f43de418fcefc37aa3fe670,兴**好,0,1,0,12,,excluded,obvious_mismatch_or_unclassifiable
90d,2026-05-26,2026-08-23,/zh/articles/riasec-holland-career-interest-test-explained,zh-CN,d7660a0beb5cc30210b49ac46320dcaa41137a5495a60a400252f1759991cdb1,职******法,0,1,0,9,,excluded,long_tail_below_matrix_threshold
90d,2026-05-26,2026-08-23,/zh/articles/riasec-holland-career-interest-test-explained,zh-CN,560bd3fe71b8132d764a1552056c05a6319bab3c913057a45b313894ee9a1bb1,职****试,0,1,0,8,riasec_test_zh-CN,included,
90d,2026-05-26,2026-08-23,/zh/articles/riasec-holland-career-interest-test-explained,zh-CN,e335402c262d4a3d43a7d98ba1d50dafc8910b50f4120ee5d71175b45224a04e,霍*,0,2,0,9.5,,excluded,long_tail_below_matrix_threshold
90d,2026-05-26,2026-08-23,/zh/articles/riasec-holland-career-interest-test-explained,zh-CN,0c3ed43a3429b241dbde5fff3fe33832b9eee0f9cd360ba4d2e59b4eee30a7af,霍*德,0,1,0,11,riasec_model_result_explainer_zh-CN,included,
90d,2026-05-26,2026-08-23,/zh/articles/riasec-holland-career-interest-test-explained,zh-CN,89081657fd6e99046cc66d0c2b3e646c22583adfdbeca13bfa7b36cc93dec0f3,霍***试,0,4,0,15.5,riasec_test_zh-CN,included,
90d,2026-05-26,2026-08-23,/zh/articles/riasec-holland-career-interest-test-explained,zh-CN,a4d74adcf110c33985b701d689662b98b0d90df2e9c70f057fe2049ee139539b,霍***业,0,2,0,13,,excluded,long_tail_below_matrix_threshold
90d,2026-05-26,2026-08-23,/zh/articles/riasec-holland-career-interest-test-explained,zh-CN,5b49d95303033de6bfe3f834e1b6fcda426a6ad916057818056053932bd3fb82,霍*******试,0,23,0,10.8261,riasec_test_zh-CN,included,
90d,2026-05-26,2026-08-23,/zh/articles/riasec-holland-career-interest-test-explained,zh-CN,b7e8ffc6c10d35b7c2e9a2847ee7c19322f0ffef14b06a258c8901476626d744,霍************型,0,1,0,8,,excluded,long_tail_below_matrix_threshold
90d,2026-05-26,2026-08-23,/zh/articles/riasec-holland-career-interest-test-explained,zh-CN,0ade83186f2abbf4d241952ba829c7e8beb0c78c0e14e123f75a9330145f4e60,霍*****试,0,6,0,10.5,riasec_test_zh-CN,included,
90d,2026-05-26,2026-08-23,/zh/articles/riasec-holland-career-interest-test-explained,zh-CN,45d8a926f049d1ec3d60dc3018d896caac8918a4f5e406ada4eee993128cf050,霍*******果,0,3,0,9.6667,riasec_model_result_explainer_zh-CN,included,
90d,2026-05-26,2026-08-23,/zh/articles/iq-test-score-and-limits-explained,zh-CN,88c4d0afb0f08d35843f86fde0ce3aa832ea2f9cda5b5cfd98b7982deeb1bb17,i****嗎,0,2,0,11,,excluded,obvious_mismatch_or_unclassifiable
90d,2026-05-26,2026-08-23,/zh/articles/iq-test-score-and-limits-explained,zh-CN,c6cd49e0e37c8f35bdab46716b660a6d6221817326f20866a2c0f2859e8fa5c8,s************m,0,3,0,5,brand_navigation_en,included,
90d,2026-05-26,2026-08-23,/zh/articles/iq-test-score-and-limits-explained,zh-CN,a881fb00de4f830a4893f235a53571fb576bfdeb8b461d02e802d1804572cd49,智**数,0,1,0,8,,excluded,long_tail_below_matrix_threshold
90d,2026-05-26,2026-08-23,/zh/articles/iq-test-score-and-limits-explained,zh-CN,813214a0f4fd50381744ec87637e3f088d6e98d703be7a61879a64c2e5a26ead,智****思,0,1,0,21,,excluded,long_tail_below_matrix_threshold
90d,2026-05-26,2026-08-23,/zh/articles/iq-test-score-and-limits-explained,zh-CN,3bb5a4f7edb6f95c91d114ae8eb6e4e02df8bdc8ffe890b0fd537151d8852ba1,智****数,0,4,0,12.75,iq_result_limits_zh-CN,included,
90d,2026-05-26,2026-08-23,/zh/articles/iq-test-score-and-limits-explained,zh-CN,33a094b3750cf6cd860b5e9cd5821aecaab89c5a6817ce8f848ebe1da0dc0572,智****嗎,0,4,0,3.75,iq_result_limits_zh-CN,included,
90d,2026-05-26,2026-08-23,/zh/articles/iq-test-score-and-limits-explained,zh-CN,e729c8450761467446c7564e1cca150f4623f8260fa8130f369493066ef9d1be,标*****题,0,1,0,28,,excluded,obvious_mismatch_or_unclassifiable
90d,2026-05-26,2026-08-23,/zh/articles/iq-test-score-and-limits-explained,zh-CN,2f5c85f9452959e8cdc9041a63f6b75b3482593bb25d224aba0bd2ed1bf37783,題***思,0,1,0,100,,excluded,obvious_mismatch_or_unclassifiable
90d,2026-05-26,2026-08-23,/zh/articles/which-love-script-fits-you-best,zh-CN,24189b5ee2b839f35bed23b0ea7d3624c23ced49ac38db9a70f575563b69a653,s************t,0,1,0,8,,excluded,long_tail_below_matrix_threshold
90d,2026-05-26,2026-08-23,/zh/articles/which-love-script-fits-you-best,zh-CN,9fcc54d14b6367ab5f064ff32bff881a0cae727ffb7df86839ab7eeef1be2e77,亲*****型,0,1,0,9,,excluded,long_tail_below_matrix_threshold
90d,2026-05-26,2026-08-23,/zh/articles/which-love-script-fits-you-best,zh-CN,0c44fc84a7c41716b470f0ba90f5e0a019f1060fc6c005a2131a5b8b7a39187d,四*********口,0,1,0,33,,excluded,long_tail_below_matrix_threshold
90d,2026-05-26,2026-08-23,/zh/articles/which-love-script-fits-you-best,zh-CN,da7b43132cdd3355c188e7474b51bb8fff9f9d9aa92f44533554e3572fd49520,愛**型,0,1,0,18,,excluded,obvious_mismatch_or_unclassifiable
90d,2026-05-26,2026-08-23,/zh/articles/which-love-script-fits-you-best,zh-CN,0bee8a8e01bb2d0f299d55ec1a50163f0f55c81e8550246453bd3d7c0f0898b4,爱**角,0,1,0,11,,excluded,long_tail_below_matrix_threshold
90d,2026-05-26,2026-08-23,/zh/articles/which-love-script-fits-you-best,zh-CN,c74d49cf4320d4971b3e110482031e760846a1a86dad017cab1ddca8aeb5f3e4,爱****验,0,1,0,13,,excluded,long_tail_below_matrix_threshold
90d,2026-05-26,2026-08-23,/zh/articles/which-love-script-fits-you-best,zh-CN,be0800c90d9ada9e678ac16b0b05a6f3b08ae4274ad5d198ac81342102d25d70,爱****论,0,3,0,9.6667,love_script_triangle_zh-CN,included,
90d,2026-05-26,2026-08-23,/zh/articles/which-love-script-fits-you-best,zh-CN,7c75466de00808b6484bcd2a926ac1d16c7562a2b2aff2a25c93325cb9b9defb,爱******验,0,3,0,16,love_script_triangle_zh-CN,included,
90d,2026-05-26,2026-08-23,/zh/articles/which-love-script-fits-you-best,zh-CN,ed76a973b66840ed03b3bced73e2532226b60729cc653492ebbea51d80dd56b9,爱**型,0,2,0,8,,excluded,long_tail_below_matrix_threshold
90d,2026-05-26,2026-08-23,/zh/articles/unwanted-major-repeat-or-stay-riasec-decision-checklist,zh-CN,c6cd49e0e37c8f35bdab46716b660a6d6221817326f20866a2c0f2859e8fa5c8,s************m,0,2,0,10,brand_navigation_en,included,
90d,2026-05-26,2026-08-23,/zh/articles/unwanted-major-repeat-or-stay-riasec-decision-checklist,zh-CN,eabb101d47692b30a88c782d0e0a817b6906e0345d48097091b63f9cf34f0771,复************格,0,1,0,31,,excluded,long_tail_below_matrix_threshold
90d,2026-05-26,2026-08-23,/zh/articles/unwanted-major-repeat-or-stay-riasec-decision-checklist,zh-CN,b3802dee5406f0bb48549b29a10ee86e6f6f26b49b532c6938fa74267c2b439d,复**********项,0,3,0,8.6667,unwanted_major_repeat_or_stay_zh-CN,included,
90d,2026-05-26,2026-08-23,/zh/articles/unwanted-major-repeat-or-stay-riasec-decision-checklist,zh-CN,093ae455614e789f22a29a9227d07fb0f12b453644718d275139dbec5572860a,复*******用,0,16,0,7.375,unwanted_major_repeat_or_stay_zh-CN,included,
90d,2026-05-26,2026-08-23,/zh/articles/mbti-narrative-portrait,zh-CN,be8cfa3abd28a912e08dd3318e5fdc403446666f210014af0ac16228eec64929,m************？,0,10,0,4.9,mbti_test_zh-CN,included,
90d,2026-05-26,2026-08-23,/zh/articles/mbti-narrative-portrait,zh-CN,b01508af7a403a1daac7ecc9c9f9e8b8f857949dcced8dc4434dab0bdac700ad,m*****像,0,3,0,2.6667,mbti_model_overview_zh-CN,included,
90d,2026-05-26,2026-08-23,/zh/articles/mbti-narrative-portrait,zh-CN,8d3fa2362d37b8bcfbaecfccc7596fd30542b967385a36229bf813395d456474,m****像,0,3,0,5.6667,mbti_model_overview_zh-CN,included,
90d,2026-05-26,2026-08-23,/zh/articles/mbti-narrative-portrait,zh-CN,e551cbe5bc846ede78825d8c39beb3990569cc7d6cf4dbf280f13425d6714f8a,m****果,0,1,0,5,mbti_result_use_zh-CN,included,
90d,2026-05-26,2026-08-23,/zh/articles/mbti-narrative-portrait,zh-CN,c6cd49e0e37c8f35bdab46716b660a6d6221817326f20866a2c0f2859e8fa5c8,s************m,0,2,0,83.5,brand_navigation_en,included,
90d,2026-05-26,2026-08-23,/zh/articles/mbti-narrative-portrait,zh-CN,68827e068fcfec6c1dbd4f83648d9642791ded5918c813ffbd9e11f63b45aaa4,心*******看,0,1,0,10,,excluded,obvious_mismatch_or_unclassifiable
90d,2026-05-26,2026-08-23,/zh/articles/mbti-narrative-portrait,zh-CN,874574b3b5500ca804b05cd3493f68f920d5fc48007b7b4d018b2328da49bdae,心********b,0,2,0,5.5,,excluded,obvious_mismatch_or_unclassifiable
90d,2026-05-26,2026-08-23,/zh/articles/mbti-narrative-portrait,zh-CN,e88ce05f36656604dccda788242b7923354da3a6e55dee46fe2cc57722a4e660,心*********看,0,1,0,10,,excluded,obvious_mismatch_or_unclassifiable
90d,2026-05-26,2026-08-23,/zh/articles/enneagram-personality-test-explained,zh-CN,8db493cfc38c601c6e429ab94285ee56ea77d29bf75d0974090deac246bbac14,九**格,1,11,0.09090909,11.3636,enneagram_model_explainer_zh-CN,included,
90d,2026-05-26,2026-08-23,/zh/articles/enneagram-personality-test-explained,zh-CN,c52b926e0b5f36e65de24e77173299e84ef8946002b62ea9880fbda694b537b5,九****析,1,4,0.25,34.75,enneagram_model_explainer_zh-CN,included,
90d,2026-05-26,2026-08-23,/zh/articles/enneagram-personality-test-explained,zh-CN,0d90f075eb1d7e2806a0be5e78e011bf3027d8fc651df5d1dbd5e0c773323956,1***人,0,1,0,5,,excluded,obvious_mismatch_or_unclassifiable
90d,2026-05-26,2026-08-23,/zh/articles/enneagram-personality-test-explained,zh-CN,4f99a482c3dd60757020de6544573861d25270f0c83ec268d49d4d05acbda30a,9****格,0,1,0,34,,excluded,long_tail_below_matrix_threshold
90d,2026-05-26,2026-08-23,/zh/articles/enneagram-personality-test-explained,zh-CN,a6089330e4a56d15b2e3f9b7c04669f0c7cab79b24d2f393d11ad8ceaa57e6ba,9*******析,0,3,0,36,enneagram_type_9_zh-CN,included,
90d,2026-05-26,2026-08-23,/zh/articles/enneagram-personality-test-explained,zh-CN,2c2c3dd34ac07c5aa500059333ec004db5f59b49dfbffaec2bf54222fbb88f07,9*1,0,1,0,11,enneagram_type_9_wing_1_zh-CN,included,
90d,2026-05-26,2026-08-23,/zh/articles/enneagram-personality-test-explained,zh-CN,3e23e8160039594a33894f6564e1b1348bbd7a0088d42c4acb73eeaed59c009d,b*,0,1,0,2,,excluded,noise_or_malformed
90d,2026-05-26,2026-08-23,/zh/articles/enneagram-personality-test-explained,zh-CN,1f913079dac7d8f77d697931ee6300e1c2bab74bd62b41e7ff08f1d0130d368a,m****试,0,1,0,34,mbti_test_zh-CN,included,
90d,2026-05-26,2026-08-23,/zh/articles/enneagram-personality-test-explained,zh-CN,c6cd49e0e37c8f35bdab46716b660a6d6221817326f20866a2c0f2859e8fa5c8,s************m,0,4,0,31.25,brand_navigation_en,included,
90d,2026-05-26,2026-08-23,/zh/articles/enneagram-personality-test-explained,zh-CN,9f4d019404c87c1b04a6760b2875818f5073b5053884f0dfddc7f6e7e6f3ebd6,九****格,0,4,0,34.75,enneagram_model_explainer_zh-CN,included,
90d,2026-05-26,2026-08-23,/zh/articles/enneagram-personality-test-explained,zh-CN,9c7cfb49581c1d58dffd58152b6e68920bb0d636d2b3267365e1b672b61810be,九*******析,0,2,0,45,,excluded,long_tail_below_matrix_threshold
90d,2026-05-26,2026-08-23,/zh/articles/enneagram-personality-test-explained,zh-CN,914e07965418bdb4a0753d27ea7096fa9230b522dbe2b70cd1fad1dda415c0a9,九*******试,0,2,0,17,enneagram_test_zh-CN,included,
90d,2026-05-26,2026-08-23,/zh/articles/enneagram-personality-test-explained,zh-CN,d3a3bb6f50cfe861d4243156682efc651c94ac37d1c86ab40a8fb4038a976d1a,九******業,0,1,0,7,,excluded,long_tail_below_matrix_threshold
90d,2026-05-26,2026-08-23,/zh/articles/enneagram-personality-test-explained,zh-CN,d6008b44625c9fc5112c625a8b1ea025d54e4033d1f904d5da096bc028919cf9,九****號,0,1,0,5,,excluded,long_tail_below_matrix_threshold
90d,2026-05-26,2026-08-23,/zh/articles/enneagram-personality-test-explained,zh-CN,4145fe0c53c9a01df4e7d7c977bb50e66ccac8837f097abe2a64a23515c4d6aa,九********照,0,1,0,5,,excluded,long_tail_below_matrix_threshold
90d,2026-05-26,2026-08-23,/zh/articles/enneagram-personality-test-explained,zh-CN,a89bf6e0ed8c9cdf3dadfe58893987bd040b667a132f84e956e5537330989c16,九****紹,0,2,0,8,,excluded,long_tail_below_matrix_threshold
90d,2026-05-26,2026-08-23,/zh/articles/enneagram-personality-test-explained,zh-CN,3edf849feb34c09425140b5b489de590950fe762f04491c063576d5de06fb62e,九***圖,0,1,0,4,,excluded,long_tail_below_matrix_threshold
90d,2026-05-26,2026-08-23,/zh/articles/enneagram-personality-test-explained,zh-CN,7efd2ba0736984bf1031d198ed32a63601e84d02ee7a91652127d75ecc4b4752,九*****看,0,2,0,21,,excluded,long_tail_below_matrix_threshold
90d,2026-05-26,2026-08-23,/zh/articles/enneagram-personality-test-explained,zh-CN,b4e50171616e0fbc81179dd6a14d0e478f4de159267c1ead2561fd438c905e25,九****试,0,5,0,20.8,enneagram_test_zh-CN,included,
90d,2026-05-26,2026-08-23,/zh/articles/enneagram-personality-test-explained,zh-CN,c35ac5fc8e35de89310814ab4a12fbd9e1ddcf495b4c409d7ec8ed1b85680a93,九****試,0,3,0,35,enneagram_model_explainer_zh-CN,included,
90d,2026-05-26,2026-08-23,/zh/articles/enneagram-personality-test-explained,zh-CN,41b39a37be3e84ef3e9ad4a7bc2e2727266b0581b338bc2cb8c0a5efb4a0d85d,九****驗,0,3,0,33,enneagram_model_explainer_zh-CN,included,
90d,2026-05-26,2026-08-23,/zh/articles/enneagram-personality-test-explained,zh-CN,0d0880ced4502ad12dd643a27dd4a730835f98a0f820c08a5f4147c2da890cb1,九******析,0,2,0,9.5,,excluded,long_tail_below_matrix_threshold
90d,2026-05-26,2026-08-23,/zh/articles/enneagram-personality-test-explained,zh-CN,e1ac7c457f305eee472d49559fbf46f18d7ce17c3e2f81430e7c75ba7eb5d5d9,九******果,0,9,0,9.3333,enneagram_model_explainer_zh-CN,included,
90d,2026-05-26,2026-08-23,/zh/articles/enneagram-personality-test-explained,zh-CN,8a53eaafb957a65663696cb02643df3d09d80eae0fef86929159652469bbbd61,九****型,0,1,0,8,,excluded,long_tail_below_matrix_threshold
90d,2026-05-26,2026-08-23,/zh/articles/enneagram-personality-test-explained,zh-CN,d7c555190216539e61604e79800d41223792c94c693ac3e2be88c03a1ac2602c,九**格,0,1,0,5,,excluded,long_tail_below_matrix_threshold
90d,2026-05-26,2026-08-23,/zh/articles/enneagram-personality-test-explained,zh-CN,88512a9773786778d325e6ead3fbe68939fc1b025112cd84e5f35ba17c7e31ab,九*,0,1,0,7,,excluded,obvious_mismatch_or_unclassifiable
90d,2026-05-26,2026-08-23,/zh/articles/enneagram-personality-test-explained,zh-CN,e6879605a47e432f224faf0b3fe4a72380f37e46aaba0c0c4c56e4c15ec64057,九**格,0,1,0,55,,excluded,long_tail_below_matrix_threshold
90d,2026-05-26,2026-08-23,/zh/articles/enneagram-personality-test-explained,zh-CN,bc25818358e6b626b0a0796098b65b91bfbba9d09ee51ab7997f029721125e47,人**心,0,1,0,9,,excluded,obvious_mismatch_or_unclassifiable
90d,2026-05-26,2026-08-23,/zh/articles/enneagram-personality-test-explained,zh-CN,3ad488891a221e48c0a9042fe8ec292641cfbdec28a1b28cb19eaa9c09445890,人******试,0,1,0,11,,excluded,obvious_mismatch_or_unclassifiable
90d,2026-05-26,2026-08-23,/zh/articles/enneagram-personality-test-explained,zh-CN,db18fa248ebfd4d9890131184e4449dbc11711e4b9ee071d9636d266af1b628d,人**试,0,1,0,28,generic_personality_test_zh-CN,included,
90d,2026-05-26,2026-08-23,/zh/articles/enneagram-personality-test-explained,zh-CN,fec8d60d34003d3699fe142ba5e1601cd19a9d156d058d6b304044ec5117c241,人****析,0,1,0,5,,excluded,obvious_mismatch_or_unclassifiable
90d,2026-05-26,2026-08-23,/zh/articles/enneagram-personality-test-explained,zh-CN,a7a7c60569e7b3f59f1e2ec6b181eb27c36f47bd68a53e4c7d5822112e57cc37,准*,0,1,0,19,,excluded,obvious_mismatch_or_unclassifiable
90d,2026-05-26,2026-08-23,/zh/articles/enneagram-personality-test-explained,zh-CN,3313789d4ec00443f887891e738d521c06ae6a29c7f527f16e815e270ae6cf2a,各**试,0,1,0,2,,excluded,obvious_mismatch_or_unclassifiable
90d,2026-05-26,2026-08-23,/zh/articles/enneagram-personality-test-explained,zh-CN,d177e89219750b88382b0f6eb34e4cb83ef047c41b29362424f384551f77a9cf,吗*,0,2,0,4,,excluded,obvious_mismatch_or_unclassifiable
90d,2026-05-26,2026-08-23,/zh/articles/enneagram-personality-test-explained,zh-CN,ea677049d0083d8c1fb32adbc8d69d8bb8f13c411a5f150a063a8b23247f9f4d,心*******型,0,2,0,20.5,,excluded,obvious_mismatch_or_unclassifiable
90d,2026-05-26,2026-08-23,/zh/articles/enneagram-personality-test-explained,zh-CN,5809c767e699a56d326cdcdec2935e2a4a064c80e595cf2e0228932208506fe5,欲****试,0,15,0,9.4,generic_personality_test_zh-CN,included,
90d,2026-05-26,2026-08-23,/zh/articles/enneagram-personality-test-explained,zh-CN,6a525f15254960e53c719664324fc8bd308b61c7585c238a87fe1dea606ce73d,神****义,0,1,0,4,,excluded,long_tail_below_matrix_threshold
90d,2026-05-26,2026-08-23,/zh/articles/enneagram-personality-test-explained,zh-CN,cb1d1f01ab761d5a201b13ad5a98da0254785b2ad9ae27a613407b835168b3d7,討*******格,0,1,0,3,,excluded,long_tail_below_matrix_threshold
90d,2026-05-26,2026-08-23,/zh/articles/enneagram-personality-test-explained,zh-CN,d057825813ac0ec53c1972c09d37253ec17020b9f32d949d42d932af7f83333d,高****格,0,1,0,52,,excluded,obvious_mismatch_or_unclassifiable
90d,2026-05-26,2026-08-23,/zh/articles/eq-test-tool-guide,zh-CN,5a909615e2f1694e6adbf5e5a5d248f2150bb7a3f6888bacf2354c9dff3cfe71,e********文,0,2,0,11,,excluded,long_tail_below_matrix_threshold
90d,2026-05-26,2026-08-23,/zh/articles/eq-test-tool-guide,zh-CN,0c3c91e51033e354c353d75dc70809538eeeefa6bb84f0c1a9a92546e1fff2de,e**定,0,2,0,1,,excluded,obvious_mismatch_or_unclassifiable
90d,2026-05-26,2026-08-23,/zh/articles/eq-test-tool-guide,zh-CN,c6cd49e0e37c8f35bdab46716b660a6d6221817326f20866a2c0f2859e8fa5c8,s************m,0,7,0,5.2857,brand_navigation_en,included,
90d,2026-05-26,2026-08-23,/zh/articles/eq-test-tool-guide,zh-CN,df3822b4e7259f83ad1e6212bee3d26c332e588a7b27953858ea283adabca395,情***試,0,1,0,15,,excluded,long_tail_below_matrix_threshold
90d,2026-05-26,2026-08-23,/zh/articles/eq-test-tool-guide,zh-CN,6f5b4b4d37a5fd871ec96b809275e994ed25d43d0793dde37464a37a31723dec,情**试,0,3,0,11.6667,eq_test_zh-CN,included,
90d,2026-05-26,2026-08-23,/zh/articles/eq-test-tool-guide,zh-CN,1b77c778d822ce1744b12a77d4484cc5c88c4d42a5b9de9c3b61c3c7a14f716d,情****法,0,1,0,7,,excluded,long_tail_below_matrix_threshold
90d,2026-05-26,2026-08-23,/zh/articles/eq-test-tool-guide,zh-CN,bef0d0e3d7bb80d9a108aef91f48ce4a9d39cd2b29b05849b790649041bb1a30,情******准,0,1,0,10,,excluded,long_tail_below_matrix_threshold
90d,2026-05-26,2026-08-23,/en/articles/big-five-emotional-stability-stress-recovery-communication,en,b8ebc735e6b4fd9a0e553fccadda4ecd1a77b6e2b0663c43652ad27f4176ce53,"""************""",0,9,0,4.8889,big_five_model_overview_en,included,
90d,2026-05-26,2026-08-23,/en/articles/big-five-emotional-stability-stress-recovery-communication,en,e4825d100fb9d6846f80b36cc93103df4a6e7d138423a8d32f25a45df59c3d6f,"""************""",0,2,0,8,,excluded,long_tail_below_matrix_threshold
90d,2026-05-26,2026-08-23,/en/articles/big-five-emotional-stability-stress-recovery-communication,en,bffb342682c2cd00a5e5f6591c55f225c95581b4ce7318e084c457176da1b86d,"""************e",0,2,0,3.5,,excluded,long_tail_below_matrix_threshold
90d,2026-05-26,2026-08-23,/en/articles/big-five-emotional-stability-stress-recovery-communication,en,d562a0f48ae482b11c74a538b97a36a6a43000bbc3ebd1ab354441b1b3f3f4b2,"""************s",0,2,0,4,,excluded,long_tail_below_matrix_threshold
90d,2026-05-26,2026-08-23,/en/articles/big-five-emotional-stability-stress-recovery-communication,en,e25140e55c33c58554d607ef6d4824c0247b14dd6e90f646dfe75eeeed7470e9,"""************""",0,5,0,2.8,big_five_model_overview_en,included,
90d,2026-05-26,2026-08-23,/en/articles/big-five-emotional-stability-stress-recovery-communication,en,e0d82942b4b6fd74b60ceb75e33969d65e6b6195e2ec8a4495332fa9d86cea11,"""************""",0,2,0,5,,excluded,long_tail_below_matrix_threshold
90d,2026-05-26,2026-08-23,/en/articles/big-five-emotional-stability-stress-recovery-communication,en,aa8804d9b026b681f4c0ef362b7be63a30ea73edf8af613fded47ea563d63fd3,b************y,0,3,0,10.6667,big_five_emotional_stability_en,included,
90d,2026-05-26,2026-08-23,/en/articles/big-five-emotional-stability-stress-recovery-communication,en,5368b1de17b9bf00d7b202b38979c6c03b33b68ea29ad713dda092a7ebc7c41c,e************e,0,1,0,6,,excluded,long_tail_below_matrix_threshold
90d,2026-05-26,2026-08-23,/en/articles/big-five-emotional-stability-stress-recovery-communication,en,504deec601d0e694cf6c4c4339085cbd633b3eb1f3803d6bfeccc5e6e8c46aa5,e************t,0,1,0,56,,excluded,long_tail_below_matrix_threshold
90d,2026-05-26,2026-08-23,/en/articles/big-five-emotional-stability-stress-recovery-communication,en,a37f3c4a171933cf146dc8c80ad5e3889cf147b144bb6009ee76f0ae1a6259dd,e************l,0,1,0,1,,excluded,long_tail_below_matrix_threshold
90d,2026-05-26,2026-08-23,/en/articles/big-five-emotional-stability-stress-recovery-communication,en,b9be1966c17edc4e93eab7ae11ba9f949eb9db1145a4e29d3de9e98dc8717313,f********d,0,1,0,1,brand_navigation_en,included,
90d,2026-05-26,2026-08-23,/en/articles/big-five-emotional-stability-stress-recovery-communication,en,f502e9c543e9d918870ba19d1183944ec37987a2641847075819d2fbe0a0e954,h************y,0,1,0,33,,excluded,long_tail_below_matrix_threshold
90d,2026-05-26,2026-08-23,/en/articles/big-five-emotional-stability-stress-recovery-communication,en,21fe6b71707f95999cd3016352999b53f98b011d396ffd52361006825b563083,l************y,0,1,0,11,,excluded,long_tail_below_matrix_threshold
90d,2026-05-26,2026-08-23,/en/articles/big-five-emotional-stability-stress-recovery-communication,en,ea7805f48d1a396ac43582f5ffc5fece6d299f4938071581878fb4545850910b,l************g,0,1,0,1,,excluded,long_tail_below_matrix_threshold
90d,2026-05-26,2026-08-23,/en/articles/big-five-emotional-stability-stress-recovery-communication,en,c6cd49e0e37c8f35bdab46716b660a6d6221817326f20866a2c0f2859e8fa5c8,s************m,0,2,0,8,brand_navigation_en,included,
90d,2026-05-26,2026-08-23,/en/articles/mbti-vs-holland-code-career-choice,en,98379da333f9f5c32d62ddc9d06def428b7739bc85394fd472c2998c86f65879,b************z,0,1,0,7,,excluded,long_tail_below_matrix_threshold
90d,2026-05-26,2026-08-23,/en/articles/mbti-vs-holland-code-career-choice,en,b4116dc207826e208da84e449c8d85b598ac650a11436839a2a5587079789a56,c*********t,0,1,0,8,,excluded,long_tail_below_matrix_threshold
90d,2026-05-26,2026-08-23,/en/articles/mbti-full-report-career-relationship-communication,en,676399fb4e6e756bb9c8ab6bc2038c6fcdfd9412e5a3e4128ec5813d71fee2d6,a*****b,0,1,0,10,,excluded,obvious_mismatch_or_unclassifiable
